Timestamp,Your Age,Your Gender,Educational Level,Marital Status,Is your company a,Job Role,Type of the employment,Your Mode of work,Distance to the workplace (In Kilometers),Willing to relocate from the workplace?,Experiences (In years),Years on current company (In years),Number of companies switched within 5 years?,Your salary range,Job Satisfaction [I am getting the expected salary and other benefits.],Job Satisfaction [I have a friendly relationship with the supervisor.],Job Satisfaction [Work colleagues are friendly and supportive to me.],"Job Satisfaction [I have a continuous , friendly relationship with the top management.]",Job Satisfaction [There have open up the paths to great career development opportunities.],Job Satisfaction [I am having better career aspects.],Alternative Job Opportunity [I feel that it would be easy for me to find a job that is much better than the one I now have.],"Alternative Job Opportunity [I feel that it is easy for me to find a job as good as the one, I now have.]",Alternative Job Opportunity [There are many opportunities for development outside my current organization.],"Alternative Job Opportunity [If I leave this organization, there are many available new jobs for me to choose from.]","Alternative Job Opportunity [All in all, this is the likelihood that I could find an acceptable alternative with another company.]",Recognition [I am getting recognized for the jobs performed.],Recognition [I am getting individual attention towards problem solving.],Recognition [I am having close contacts with superiors.],Recognition [I am equally getting attention and support from the superiors when compared with the other co-workers.],Recognition [My suggestions are considered and implemented by superiors.],Recognition [My job achievements reach top management.],Organizational Support [I have a good superior support.],Organizational Support [I have a good colleague support.],Organizational Support [I have a facilitative working environment.],Organizational Support [I am following favorable organizational policies.],Organizational Support [I have a great department support.],Job Stress [I have unmanageable workloads.],Job Stress [I am dealing with negative attitudes of co-workers.],Job Stress [I have a pleasant working environment.],Job Stress [I am having role conflicts/ambiguity.],Job Stress [I am having career development barriers.],Job Stress [I have work-family conflicts due to workload],Organizational Commitment [I feel myself to be part of the organization.],"Organizational Commitment [Even if the firm were not doing too well financially, I would be reluctant to change to another employer.]",Organizational Commitment [The offer of a bit more money with another employer would not seriously make me think of changing my job.],Organizational Commitment [I am quite proud to be able to tell people who it is I work for],Do you have any turnover intention?
2022/08/30 10:18:08 AM GMT+5:30,20 - 30 years,Male,BSc,Unmarried,Foreign Based IT Company,Backend Developer,Intern,Work From Home,0,No,1,0.5,0,"Under 41,000 LKR",Strongly Disagree,Agree,Agree,Neutral,Neutral,Neutral,Strongly Agree,Agree,Neutral,Agree,Neutral,Strongly Agree,Agree,Agree,Neutral,Neutral,Agree,Agree,Agree,Agree,Agree,Agree,Disagree,Disagree,Agree,Neutral,Disagree,Disagree,Neutral,Neutral,Agree,Strongly Agree,Yes
2022/08/30 10:23:26 AM GMT+5:30,20 - 30 years,Male,BSc,Unmarried,Sri Lankan Based IT Company,Full-stack Developer (Both),Full - tIme,Hybrid,30,Yes,2,1,3,"101,000 LKR - 200,000 LKR",Neutral,Agree,Agree,Agree,Neutral,Agree,Strongly Agree,Agree,Agree,Agree,Neutral,Agree,Agree,Strongly Agree,Agree,Agree,Neutral,Agree,Strongly Agree,Strongly Agree,Agree,Agree,Disagree,Disagree,Strongly Agree,Neutral,Agree,Disagree,Neutral,Neutral,Disagree,Strongly Agree,Yes
2022/08/30 10:23:39 AM GMT+5:30,20 - 30 years,Female,BSc,Unmarried,Sri Lankan Based IT Company,Full-stack Developer (Both),Full - tIme,On Site,40,No,0.083333333,0.083333333,0,"Under 41,000 LKR",Agree,Strongly Agree,Agree,Agree,Agree,Agree,Disagree,Disagree,Agree,Agree,Agree,Agree,Agree,Agree,Strongly Agree,Agree,Agree,Agree,Agree,Agree,Agree,Agree,Disagree,Disagree,Agree,Agree,Disagree,Agree,Agree,Agree,Neutral,Agree,No
2022/08/30 10:42:09 AM GMT+5:30,20 - 30 years,Male,BSc,Unmarried,Foreign Based IT Company,Front End Developer,Intern,Work From Home,100,Yes,0.25,0.25,1,"41,000 - 100,000 LKR",Strongly Agree,Strongly Agree,Strongly Agree,Strongly Agree,Strongly Agree,Strongly Agree,Strongly Agree,Strongly Agree,Agree,Strongly Agree,Strongly Agree,Strongly Agree,Strongly Agree,Agree,Strongly Agree,Strongly Agree,Strongly Agree,Strongly Agree,Strongly Agree,Strongly Agree,Strongly Agree,Strongly Agree,Strongly Disagree,Strongly Disagree,Strongly Agree,Neutral,Disagree,Disagree,Strongly Agree,Strongly Agree,Strongly Agree,Strongly Agree,Yes
2022/08/30 10:47:26 AM GMT+5:30,20 - 30 years,Male,BSc,Unmarried,Foreign Based IT Company,Full-stack Developer (Both),Full - tIme,Work From Home,0,No,2,1,2,"41,000 - 100,000 LKR",Agree,Neutral,Agree,Agree,Strongly Agree,Neutral,Disagree,Agree,Agree,Neutral,Neutral,Agree,Agree,Agree,Agree,Strongly Agree,Strongly Agree,Neutral,Agree,Neutral,Neutral,Neutral,Strongly Agree,Neutral,Agree,Agree,Neutral,Disagree,Strongly Agree,Agree,Neutral,Agree,No
2022/08/30 10:54:46 AM GMT+5:30,20 - 30 years,Female,BSc,Unmarried,Sri Lankan Based IT Company,Full-stack Developer (Both),Intern,On Site,100,Yes,1,0.017,0.6,"101,000 LKR - 200,000 LKR",Neutral,Agree,Strongly Agree,Agree,Agree,Agree,Neutral,Neutral,Agree,Neutral,Neutral,Neutral,Agree,Agree,Agree,Agree,Agree,Agree,Agree,Agree,Agree,Agree,Disagree,Disagree,Agree,Neutral,Agree,Neutral,Agree,Agree,Agree,Agree,No
2022/08/30 1:58:44 PM GMT+5:30,20 - 30 years,Male,BSc,Unmarried,Foreign Based IT Company,Backend Developer,Full - tIme,Hybrid,20,Yes,0.5,0.5,0,"Under 41,000 LKR",Agree,Agree,Strongly Agree,Strongly Agree,Agree,Strongly Agree,Agree,Neutral,Agree,Neutral,Agree,Agree,Strongly Agree,Agree,Strongly Agree,Agree,Agree,Agree,Strongly Agree,Agree,Strongly Agree,Agree,Neutral,Agree,Agree,Agree,Agree,Neutral,Agree,Agree,Agree,Agree,No
2022/08/31 7:03:46 AM GMT+5:30,20 - 30 years,Male,BSc,Unmarried,Sri Lankan Based IT Company,Full-stack Developer (Both),Full - tIme,Work From Home,0,Yes,0.333,0.333,0,"Above 200,000 LKR",Strongly Agree,Strongly Agree,Strongly Agree,Agree,Agree,Agree,Agree,Agree,Agree,Agree,Agree,Agree,Agree,Strongly Agree,Agree,Strongly Agree,Agree,Strongly Agree,Strongly Agree,Strongly Agree,Strongly Agree,Strongly Agree,Neutral,Disagree,Agree,Neutral,Disagree,Disagree,Agree,Agree,Strongly Disagree,Strongly Agree,No
2022/08/31 6:48:59 PM GMT+5:30,20 - 30 years,Female,BSc,Unmarried,Foreign Based IT Company,Full-stack Developer (Both),Full - tIme,Work From Home,150,No,0,0.166,0,"Under 41,000 LKR",Neutral,Strongly Agree,Strongly Agree,Agree,Strongly Agree,Strongly Agree,Neutral,Neutral,Agree,Agree,Agree,Neutral,Neutral,Neutral,Agree,Agree,Neutral,Strongly Agree,Strongly Agree,Strongly Agree,Strongly Agree,Strongly Agree,Strongly Disagree,Strongly Disagree,Strongly Agree,Disagree,Disagree,Disagree,Agree,Agree,Agree,Neutral,No
2022/09/02 7:36:13 PM GMT+5:30,20 - 30 years,Male,BSc,Married,Sri Lankan Based IT Company,Backend Developer,Full - tIme,Hybrid,70,No,52,40,3,"101,000 LKR - 200,000 LKR",Agree,Agree,Strongly Agree,Agree,Agree,Agree,Disagree,Agree,Neutral,Neutral,Neutral,Agree,Agree,Agree,Agree,Agree,Agree,Agree,Agree,Neutral,Agree,Agree,Neutral,Neutral,Agree,Agree,Neutral,Neutral,Strongly Agree,Neutral,Agree,Agree,No
2022/09/23 6:20:45 AM GMT+5:30,20 - 30 years,Male,BSc,Unmarried,Foreign Based IT Company,Backend Developer,Intern,Work From Home,0,No,1.5,1,1,"Under 41,000 LKR",Strongly Agree,Strongly Agree,Strongly Agree,Strongly Agree,Strongly Agree,Strongly Agree,Strongly Agree,Strongly Agree,Strongly Agree,Strongly Agree,Disagree,Strongly Agree,Strongly Agree,Strongly Agree,Strongly Agree,Strongly Agree,Strongly Agree,Strongly Agree,Strongly Agree,Strongly Agree,Strongly Agree,Agree,Neutral,Strongly Disagree,Agree,Strongly Disagree,Strongly Disagree,Neutral,Strongly Agree,Strongly Agree,Strongly Agree,Strongly Agree,No
2022/09/26 5:10:13 PM GMT+5:30,20 - 30 years,Male,BSc,Unmarried,Foreign Based IT Company,Full-stack Developer (Both),Full - tIme,Work From Home,0,No,7,1,1,"101,000 LKR - 200,000 LKR",Neutral,Neutral,Agree,Strongly Disagree,Agree,Neutral,Neutral,Neutral,Agree,Neutral,Neutral,Agree,Neutral,Neutral,Disagree,Neutral,Disagree,Strongly Agree,Strongly Agree,Strongly Agree,Agree,Agree,Agree,Neutral,Neutral,Agree,Neutral,Neutral,Neutral,Disagree,Disagree,Agree,No
2022/09/26 5:13:23 PM GMT+5:30,20 - 30 years,Female,Diploma,Unmarried,Foreign Based IT Company,Front End Developer,Full - tIme,Work From Home,3,Yes,4,1,2,"41,000 - 100,000 LKR",Neutral,Strongly Agree,Strongly Agree,Agree,Agree,Agree,Disagree,Disagree,Neutral,Agree,Agree,Agree,Agree,Disagree,Neutral,Disagree,Disagree,Agree,Agree,Agree,Agree,Agree,Disagree,Disagree,Agree,Disagree,Disagree,Disagree,Agree,Neutral,Neutral,Strongly Agree,No
2022/09/26 10:58:54 PM GMT+5:30,20 - 30 years,Male,BSc,Married,Sri Lankan Based IT Company,Full-stack Developer (Both),Full - tIme,Work From Home,0,No,2.5,1,2,"101,000 LKR - 200,000 LKR",Neutral,Agree,Agree,Agree,Agree,Agree,Agree,Agree,Neutral,Agree,Neutral,Agree,Agree,Agree,Agree,Neutral,Agree,Agree,Agree,Agree,Agree,Agree,Disagree,Disagree,Agree,Neutral,Disagree,Strongly Disagree,Agree,Neutral,Disagree,Agree,No
2022/09/27 8:22:44 AM GMT+5:30,20 - 30 years,Male,BSc,Unmarried,Sri Lankan Based IT Company,Full-stack Developer (Both),Full - tIme,Work From Home,0,No,3,2,1,"Above 200,000 LKR",Neutral,Agree,Agree,Agree,Neutral,Agree,Agree,Agree,Agree,Agree,Agree,Agree,Agree,Agree,Agree,Agree,Agree,Agree,Agree,Agree,Agree,Agree,Agree,Agree,Agree,Agree,Agree,Agree,Neutral,Neutral,Agree,Agree,No
2022/09/27 9:13:30 AM GMT+5:30,20 - 30 years,Male,BSc,Unmarried,Sri Lankan Based IT Company,Front End Developer,Full - tIme,Hybrid,10,No,1,1,0,"101,000 LKR - 200,000 LKR",Strongly Agree,Strongly Agree,Strongly Agree,Agree,Strongly Agree,Strongly Agree,Agree,Disagree,Neutral,Agree,Agree,Strongly Agree,Strongly Agree,Strongly Agree,Neutral,Strongly Agree,Strongly Agree,Strongly Agree,Agree,Strongly Agree,Agree,Agree,Strongly Disagree,Strongly Disagree,Strongly Agree,Disagree,Disagree,Disagree,Agree,Disagree,Agree,Strongly Agree,No
2022/09/29 9:33:27 PM GMT+5:30,20 - 30 years,Male,BSc,Unmarried,Sri Lankan Based IT Company,Full-stack Developer (Both),Full - tIme,Hybrid,9.8,Yes,2,1,2,"Above 200,000 LKR",Agree,Neutral,Agree,Neutral,Agree,Neutral,Strongly Agree,Strongly Agree,Strongly Agree,Strongly Agree,Strongly Agree,Agree,Strongly Agree,Strongly Agree,Strongly Agree,Agree,Neutral,Agree,Strongly Agree,Agree,Agree,Agree,Agree,Agree,Agree,Disagree,Disagree,Neutral,Agree,Neutral,Neutral,Agree,No
2022/09/29 10:22:59 PM GMT+5:30,20 - 30 years,Male,BSc,Unmarried,Foreign Based IT Company,Full-stack Developer (Both),Full - tIme,Hybrid,40,Yes,1,1,2,"101,000 LKR - 200,000 LKR",Agree,Agree,Agree,Neutral,Agree,Agree,Neutral,Agree,Agree,Agree,Agree,Agree,Agree,Agree,Neutral,Agree,Neutral,Agree,Agree,Agree,Agree,Agree,Neutral,Neutral,Agree,Agree,Neutral,Agree,Agree,Agree,Agree,Agree,No
2022/10/15 2:01:54 PM GMT+5:30,20 - 30 years,Male,BSc,Unmarried,Foreign Based IT Company,Front End Developer,Full - tIme,Work From Home,0,No,1,1,0,"101,000 LKR - 200,000 LKR",Disagree,Strongly Agree,Strongly Agree,Agree,Strongly Agree,Strongly Agree,Neutral,Agree,Agree,Agree,Agree,Agree,Agree,Strongly Agree,Strongly Agree,Strongly Agree,Agree,Agree,Strongly Agree,Strongly Agree,Strongly Agree,Strongly Agree,Disagree,Disagree,Agree,Disagree,Disagree,Disagree,Agree,Neutral,Agree,Strongly Agree,No
2022/10/15 3:08:36 PM GMT+5:30,20 - 30 years,Male,MSc,Married,Foreign Based IT Company,Backend Developer,Full - tIme,Hybrid,35,Yes,5,5,0,"Above 200,000 LKR",Neutral,Strongly Disagree,Strongly Disagree,Strongly Disagree,Strongly Disagree,Strongly Disagree,Neutral,Strongly Disagree,Strongly Disagree,Strongly Disagree,Strongly Disagree,Strongly Disagree,Neutral,Strongly Disagree,Neutral,Strongly Disagree,Neutral,Neutral,Strongly Disagree,Strongly Disagree,Strongly Disagree,Strongly Disagree,Neutral,Disagree,Strongly Agree,Strongly Disagree,Strongly Disagree,Strongly Disagree,Strongly Agree,Neutral,Strongly Agree,Strongly Agree,No
2022/10/26 11:01:10 AM GMT+5:30,20 - 30 years,Male,BSc,Unmarried,Foreign Based IT Company,Backend Developer,Intern,Work From Home,2,Yes,1,1,1,"Under 41,000 LKR",Agree,Strongly Agree,Strongly Agree,Strongly Agree,Strongly Agree,Agree,Agree,Strongly Agree,Agree,Strongly Agree,Agree,Strongly Agree,Agree,Strongly Agree,Agree,Agree,Strongly Agree,Strongly Agree,Agree,Agree,Strongly Agree,Strongly Agree,Agree,Agree,Agree,Agree,Agree,Agree,Agree,Neutral,Neutral,Neutral,Yes
2022/10/26 11:08:30 AM GMT+5:30,20 - 30 years,Female,BSc,Unmarried,Sri Lankan Based IT Company,Full-stack Developer (Both),Part - time,Work From Home,0,No,1.083333333,1.083333333,0,"Under 41,000 LKR",Strongly Disagree,Agree,Agree,Agree,Agree,Neutral,Neutral,Neutral,Agree,Agree,Agree,Neutral,Agree,Agree,Agree,Agree,Agree,Agree,Strongly Agree,Disagree,Neutral,Agree,Neutral,Disagree,Neutral,Disagree,Neutral,Neutral,Agree,Neutral,Neutral,Neutral,Yes
2022/10/26 11:34:42 AM GMT+5:30,20 - 30 years,Male,BSc,Unmarried,Foreign Based IT Company,Full-stack Developer (Both),Full - tIme,Hybrid,26,Yes,2.5,1,2,"101,000 LKR - 200,000 LKR",Agree,Strongly Agree,Strongly Agree,Agree,Neutral,Agree,Agree,Strongly Agree,Strongly Agree,Strongly Agree,Strongly Agree,Strongly Agree,Strongly Agree,Strongly Agree,Strongly Agree,Agree,Strongly Agree,Strongly Agree,Strongly Agree,Strongly Agree,Strongly Agree,Strongly Agree,Disagree,Disagree,Strongly Agree,Disagree,Disagree,Disagree,Strongly Agree,Strongly Agree,Strongly Agree,Strongly Agree,No
2022/10/26 11:51:56 AM GMT+5:30,20 - 30 years,Male,BSc,Unmarried,Foreign Based IT Company,Front End Developer,Full - tIme,Work From Home,0,No,3,1,2,"Above 200,000 LKR",Strongly Agree,Neutral,Agree,Strongly Agree,Strongly Agree,Strongly Agree,Strongly Agree,Strongly Agree,Strongly Agree,Agree,Agree,Agree,Agree,Agree,Strongly Agree,Agree,Strongly Agree,Strongly Agree,Strongly Agree,Strongly Agree,Strongly Agree,Strongly Agree,Disagree,Disagree,Strongly Agree,Neutral,Disagree,Disagree,Agree,Disagree,Strongly Disagree,Strongly Agree,No
2022/10/26 12:49:09 PM GMT+5:30,20 - 30 years,Male,BSc,Unmarried,Sri Lankan Based IT Company,Front End Developer,Full - tIme,On Site,10,Yes,2,0.5,3,"41,000 - 100,000 LKR",Neutral,Agree,Agree,Neutral,Agree,Strongly Agree,Neutral,Agree,Agree,Neutral,Neutral,Agree,Agree,Agree,Agree,Agree,Strongly Agree,Agree,Agree,Agree,Neutral,Agree,Agree,Agree,Neutral,Agree,Neutral,Agree,Agree,Agree,Agree,Agree,No
2022/10/26 1:01:11 PM GMT+5:30,20 - 30 years,Male,BSc,Unmarried,Foreign Based IT Company,Backend Developer,Full - tIme,Work From Home,0,No,1,1,0,"Under 41,000 LKR",Disagree,Agree,Strongly Agree,Neutral,Agree,Agree,Neutral,Agree,Agree,Agree,Disagree,Agree,Neutral,Neutral,Agree,Agree,Neutral,Agree,Strongly Agree,Strongly Agree,Agree,Agree,Disagree,Strongly Disagree,Agree,Neutral,Agree,Neutral,Agree,Neutral,Agree,Agree,No
2022/11/24 10:55:51 AM GMT+5:30,20 - 30 years,Female,BSc,Married,Sri Lankan Based IT Company,Full-stack Developer (Both),Full - tIme,Work From Home,0,No,1,1,2,"41,000 - 100,000 LKR",Agree,Agree,Strongly Agree,Strongly Agree,Agree,Strongly Agree,Agree,Agree,Agree,Neutral,Neutral,Neutral,Agree,Strongly Agree,Strongly Agree,Agree,Agree,Agree,Strongly Agree,Agree,Agree,Agree,Neutral,Neutral,Disagree,Disagree,Disagree,Disagree,Neutral,Neutral,Neutral,Agree,Yes
2022/11/24 11:17:43 AM GMT+5:30,20 - 30 years,Male,BSc,Unmarried,Foreign Based IT Company,Full-stack Developer (Both),Full - tIme,Work From Home,0,No,1,1,0,"41,000 - 100,000 LKR",Agree,Agree,Agree,Agree,Agree,Neutral,Neutral,Disagree,Agree,Neutral,Disagree,Agree,Agree,Strongly Agree,Agree,Neutral,Disagree,Agree,Agree,Neutral,Agree,Agree,Disagree,Disagree,Agree,Neutral,Disagree,Disagree,Agree,Neutral,Agree,Agree,No
2022/11/24 11:35:32 AM GMT+5:30,20 - 30 years,Male,BSc,Unmarried,Foreign Based IT Company,Full-stack Developer (Both),Intern,Work From Home,0,Yes,1,1,2,"41,000 - 100,000 LKR",Neutral,Agree,Agree,Agree,Agree,Agree,Neutral,Agree,Strongly Agree,Agree,Agree,Agree,Agree,Agree,Neutral,Agree,Neutral,Neutral,Agree,Agree,Agree,Neutral,Strongly Agree,Neutral,Neutral,Disagree,Agree,Neutral,Agree,Neutral,Agree,Agree,Yes
2022/11/24 11:52:16 AM GMT+5:30,20 - 30 years,Male,BSc,Unmarried,Foreign Based IT Company,Backend Developer,Full - tIme,Work From Home,0,No,1,1,1,"101,000 LKR - 200,000 LKR",Agree,Agree,Agree,Agree,Agree,Agree,Neutral,Agree,Strongly Agree,Strongly Agree,Agree,Agree,Strongly Agree,Strongly Agree,Agree,Strongly Agree,Agree,Agree,Agree,Neutral,Agree,Neutral,Agree,Disagree,Agree,Agree,Agree,Neutral,Strongly Agree,Neutral,Agree,Strongly Agree,No
2022/11/25 9:43:15 AM GMT+5:30,20 - 30 years,Male,BSc,Unmarried,Sri Lankan Based IT Company,Full-stack Developer (Both),Full - tIme,Hybrid,25,Yes,1.5,0.5,1,"41,000 - 100,000 LKR",Strongly Agree,Agree,Agree,Strongly Agree,Strongly Agree,Strongly Agree,Agree,Agree,Strongly Agree,Agree,Strongly Agree,Agree,Agree,Agree,Strongly Agree,Agree,Strongly Agree,Agree,Strongly Agree,Agree,Strongly Agree,Agree,Agree,Neutral,Agree,Neutral,Agree,Agree,Agree,Agree,Neutral,Agree,Yes
2022/11/25 11:13:28 AM GMT+5:30,20 - 30 years,Female,Diploma,Unmarried,Sri Lankan Based IT Company,Front End Developer,Intern,On Site,20,Yes,1,1,0,"Under 41,000 LKR",Neutral,Strongly Agree,Strongly Agree,Strongly Agree,Strongly Agree,Strongly Agree,Agree,Agree,Strongly Agree,Strongly Agree,Strongly Agree,Agree,Agree,Agree,Agree,Agree,Agree,Agree,Agree,Agree,Agree,Agree,Agree,Agree,Agree,Agree,Agree,Agree,Agree,Agree,Agree,Agree,Yes
2022/11/26 7:51:53 AM GMT+5:30,20 - 30 years,Male,BSc,Unmarried,Sri Lankan Based IT Company,Backend Developer,Full - tIme,Hybrid,100,Yes,0.5,1,0,"41,000 - 100,000 LKR",Agree,Strongly Agree,Strongly Agree,Strongly Agree,Strongly Agree,Strongly Agree,Neutral,Neutral,Agree,Agree,Neutral,Strongly Agree,Strongly Agree,Strongly Agree,Agree,Strongly Agree,Strongly Agree,Strongly Agree,Strongly Agree,Strongly Agree,Strongly Agree,Strongly Agree,Disagree,Disagree,Strongly Agree,Neutral,Strongly Disagree,Strongly Disagree,Strongly Agree,Agree,Neutral,Strongly Agree,No
2022/11/27 4:05:19 PM GMT+5:30,20 - 30 years,Female,BSc,Unmarried,Sri Lankan Based IT Company,Full-stack Developer (Both),Intern,Hybrid,0,Yes,1,1,0,"41,000 - 100,000 LKR",Strongly Disagree,Strongly Disagree,Disagree,Strongly Disagree,Neutral,Neutral,Neutral,Disagree,Disagree,Disagree,Neutral,Neutral,Neutral,Disagree,Neutral,Neutral,Disagree,Disagree,Strongly Disagree,Disagree,Disagree,Neutral,Disagree,Neutral,Neutral,Disagree,Disagree,Disagree,Neutral,Disagree,Neutral,Disagree,No
2022/12/14 6:19:24 AM GMT+5:30,20 - 30 years,Male,BSc,Unmarried,Sri Lankan Based IT Company,Backend Developer,Full - tIme,Work From Home,0,No,1.5,0.5,1,"Above 200,000 LKR",Strongly Agree,Strongly Agree,Strongly Agree,Strongly Agree,Strongly Agree,Strongly Agree,Disagree,Strongly Disagree,Disagree,Agree,Agree,Agree,Agree,Strongly Agree,Agree,Agree,Strongly Agree,Strongly Agree,Strongly Agree,Strongly Agree,Strongly Agree,Strongly Agree,Neutral,Disagree,Strongly Agree,Disagree,Disagree,Neutral,Strongly Agree,Agree,Strongly Disagree,Agree,No
2022/12/14 6:24:56 AM GMT+5:30,30 - 40 years,Male,MSc,Married,Sri Lankan Based IT Company,Full-stack Developer (Both),Full - tIme,Work From Home,0,No,8,3,2,"Above 200,000 LKR",Disagree,Neutral,Agree,Disagree,Disagree,Disagree,Agree,Strongly Agree,Agree,Agree,Agree,Neutral,Disagree,Agree,Disagree,Disagree,Disagree,Disagree,Disagree,Disagree,Disagree,Neutral,Agree,Neutral,Strongly Disagree,Disagree,Disagree,Disagree,Disagree,Strongly Disagree,Strongly Agree,Disagree,Yes
2022/12/14 7:01:43 AM GMT+5:30,20 - 30 years,Female,BSc,Unmarried,Sri Lankan Based IT Company,Front End Developer,Full - tIme,Work From Home,0,No,1,0.4167,1,"101,000 LKR - 200,000 LKR",Agree,Agree,Strongly Agree,Agree,Neutral,Agree,Neutral,Disagree,Neutral,Neutral,Neutral,Agree,Neutral,Agree,Agree,Agree,Agree,Agree,Agree,Agree,Agree,Strongly Agree,Disagree,Disagree,Agree,Strongly Disagree,Strongly Disagree,Neutral,Agree,Neutral,Neutral,Agree,No
2022/12/15 6:04:22 AM GMT+5:30,20 - 30 years,Female,BSc,Unmarried,Sri Lankan Based IT Company,Front End Developer,Full - tIme,On Site,6,No,1,1,1,"101,000 LKR - 200,000 LKR",Agree,Agree,Agree,Agree,Agree,Agree,Agree,Strongly Agree,Neutral,Agree,Agree,Agree,Agree,Agree,Neutral,Agree,Agree,Neutral,Agree,Agree,Agree,Agree,Neutral,Neutral,Agree,Neutral,Neutral,Agree,Agree,Neutral,Disagree,Agree,Yes
2022/12/16 7:24:13 AM GMT+5:30,20 - 30 years,Female,BSc,Unmarried,Sri Lankan Based IT Company,Backend Developer,Full - tIme,Work From Home,9,Yes,24,1,2,"101,000 LKR - 200,000 LKR",Neutral,Agree,Agree,Neutral,Agree,Agree,Agree,Strongly Agree,Agree,Agree,Agree,Agree,Agree,Agree,Agree,Agree,Agree,Neutral,Agree,Agree,Agree,Agree,Neutral,Neutral,Agree,Agree,Agree,Agree,Disagree,Neutral,Neutral,Agree,Yes
2022/12/17 10:04:10 AM GMT+5:30,30 - 40 years,Male,MSc,Married,Sri Lankan Based IT Company,Full-stack Developer (Both),Full - tIme,Work From Home,0,No,9,3,3,"Above 200,000 LKR",Strongly Agree,Strongly Agree,Strongly Agree,Strongly Agree,Strongly Agree,Strongly Agree,Strongly Agree,Strongly Agree,Neutral,Neutral,Agree,Strongly Agree,Strongly Agree,Strongly Agree,Strongly Agree,Strongly Agree,Strongly Agree,Strongly Agree,Strongly Agree,Strongly Agree,Strongly Agree,Strongly Agree,Disagree,Disagree,Agree,Disagree,Disagree,Neutral,Agree,Agree,Agree,Agree,No
2022/12/17 10:13:02 AM GMT+5:30,20 - 30 years,Female,BSc,Unmarried,Sri Lankan Based IT Company,Full-stack Developer (Both),Full - tIme,Work From Home,0,No,1,1,2,"Above 200,000 LKR",Strongly Agree,Agree,Neutral,Agree,Agree,Agree,Agree,Strongly Agree,Agree,Agree,Agree,Agree,Agree,Agree,Neutral,Agree,Neutral,Agree,Neutral,Agree,Agree,Agree,Neutral,Agree,Agree,Neutral,Agree,Neutral,Neutral,Disagree,Disagree,Agree,No
2022/12/17 11:04:46 AM GMT+5:30,20 - 30 years,Male,BSc,Unmarried,Sri Lankan Based IT Company,Front End Developer,Full - tIme,On Site,3,No,1,3,1,"Under 41,000 LKR",Neutral,Neutral,Agree,Disagree,Agree,Agree,Disagree,Disagree,Neutral,Agree,Neutral,Neutral,Neutral,Agree,Agree,Neutral,Agree,Agree,Agree,Strongly Agree,Strongly Agree,Neutral,Neutral,Disagree,Agree,Neutral,Neutral,Neutral,Neutral,Neutral,Agree,Agree,No
2022/12/17 11:47:45 AM GMT+5:30,20 - 30 years,Female,BSc,Unmarried,Sri Lankan Based IT Company,Front End Developer,Full - tIme,On Site,27,Yes,2,0.5,1,"101,000 LKR - 200,000 LKR",Agree,Agree,Agree,Neutral,Agree,Agree,Neutral,Neutral,Agree,Neutral,Neutral,Agree,Strongly Agree,Agree,Agree,Agree,Agree,Agree,Strongly Agree,Neutral,Neutral,Agree,Neutral,Disagree,Agree,Disagree,Disagree,Neutral,Agree,Neutral,Agree,Neutral,No
2022/12/17 11:03:42 PM GMT+5:30,20 - 30 years,Male,BSc,Unmarried,Sri Lankan Based IT Company,Backend Developer,Intern,Work From Home,0,Yes,3,1,1,"Under 41,000 LKR",Agree,Strongly Agree,Agree,Agree,Agree,Agree,Agree,Agree,Neutral,Neutral,Neutral,Agree,Strongly Agree,Agree,Agree,Neutral,Neutral,Strongly Agree,Agree,Agree,Agree,Agree,Disagree,Disagree,Agree,Disagree,Agree,Neutral,Agree,Agree,Neutral,Agree,No
2022/12/17 11:08:37 PM GMT+5:30,20 - 30 years,Male,BSc,Unmarried,Sri Lankan Based IT Company,Front End Developer,Full - tIme,Work From Home,0,Yes,3,1,1,"41,000 - 100,000 LKR",Agree,Agree,Strongly Agree,Agree,Agree,Agree,Disagree,Neutral,Agree,Agree,Neutral,Neutral,Agree,Neutral,Agree,Agree,Neutral,Agree,Agree,Neutral,Agree,Agree,Disagree,Neutral,Agree,Neutral,Disagree,Disagree,Agree,Neutral,Disagree,Neutral,No
2022/12/17 11:14:17 PM GMT+5:30,20 - 30 years,Female,Diploma,Unmarried,Sri Lankan Based IT Company,Front End Developer,Full - tIme,Work From Home,0,No,2,2,0,"101,000 LKR - 200,000 LKR",Strongly Agree,Agree,Strongly Agree,Agree,Agree,Strongly Agree,Neutral,Agree,Neutral,Neutral,Neutral,Strongly Agree,Agree,Strongly Agree,Strongly Agree,Agree,Agree,Strongly Agree,Agree,Strongly Agree,Neutral,Agree,Disagree,Disagree,Agree,Disagree,Neutral,Disagree,Strongly Agree,Agree,Strongly Agree,Agree,No
2022/12/17 11:20:13 PM GMT+5:30,20 - 30 years,Male,BSc,Unmarried,Sri Lankan Based IT Company,Backend Developer,Intern,Work From Home,0,No,0.5,0.5,0,"Under 41,000 LKR",Agree,Neutral,Agree,Neutral,Agree,Agree,Disagree,Neutral,Neutral,Neutral,Neutral,Neutral,Neutral,Neutral,Agree,Agree,Neutral,Agree,Agree,Agree,Agree,Agree,Disagree,Disagree,Strongly Disagree,Disagree,Disagree,Disagree,Agree,Neutral,Neutral,Agree,No
2022/12/17 11:31:20 PM GMT+5:30,20 - 30 years,Male,BSc,Unmarried,Sri Lankan Based IT Company,Front End Developer,Intern,On Site,10,Yes,1,1,0,"Under 41,000 LKR",Neutral,Neutral,Agree,Neutral,Neutral,Neutral,Neutral,Agree,Agree,Agree,Agree,Agree,Agree,Neutral,Neutral,Neutral,Neutral,Neutral,Agree,Neutral,Agree,Neutral,Neutral,Disagree,Neutral,Disagree,Disagree,Disagree,Neutral,Neutral,Agree,Neutral,No
2022/12/17 11:46:11 PM GMT+5:30,20 - 30 years,Male,BSc,Unmarried,Sri Lankan Based IT Company,Full-stack Developer (Both),Full - tIme,On Site,15,No,2,2,1,"101,000 LKR - 200,000 LKR",Agree,Strongly Agree,Agree,Agree,Strongly Agree,Agree,Disagree,Agree,Neutral,Agree,Neutral,Agree,Strongly Agree,Agree,Agree,Agree,Agree,Agree,Agree,Agree,Agree,Agree,Disagree,Disagree,Strongly Agree,Disagree,Disagree,Disagree,Strongly Agree,Agree,Agree,Strongly Agree,No
2022/12/18 6:57:35 AM GMT+5:30,20 - 30 years,Female,BSc,Unmarried,Sri Lankan Based IT Company,Full-stack Developer (Both),Full - tIme,Hybrid,10,Yes,2,1,1,"101,000 LKR - 200,000 LKR",Disagree,Neutral,Neutral,Neutral,Disagree,Disagree,Agree,Agree,Strongly Agree,Agree,Agree,Disagree,Strongly Disagree,Neutral,Disagree,Disagree,Disagree,Disagree,Disagree,Disagree,Neutral,Disagree,Agree,Agree,Disagree,Agree,Strongly Agree,Strongly Agree,Disagree,Disagree,Disagree,Disagree,Yes
2022/12/18 7:15:50 AM GMT+5:30,30 - 40 years,Female,MSc,Married,Sri Lankan Based IT Company,Full-stack Developer (Both),Full - tIme,Work From Home,0,No,9,2,5,"Above 200,000 LKR",Strongly Agree,Strongly Agree,Strongly Agree,Strongly Agree,Strongly Agree,Strongly Agree,Agree,Disagree,Disagree,Agree,Disagree,Strongly Agree,Strongly Agree,Strongly Agree,Strongly Agree,Strongly Agree,Strongly Agree,Strongly Agree,Strongly Agree,Strongly Agree,Strongly Agree,Strongly Agree,Disagree,Disagree,Strongly Agree,Disagree,Strongly Disagree,Neutral,Strongly Agree,Strongly Agree,Strongly Agree,Strongly Agree,No
2022/12/18 7:21:42 AM GMT+5:30,20 - 30 years,Male,BSc,Unmarried,Sri Lankan Based IT Company,Full-stack Developer (Both),Intern,Hybrid,25,Yes,0.5,0.5,0,"Under 41,000 LKR",Neutral,Agree,Agree,Agree,Agree,Agree,Neutral,Neutral,Disagree,Neutral,Disagree,Agree,Agree,Agree,Agree,Agree,Agree,Strongly Agree,Strongly Agree,Agree,Agree,Agree,Disagree,Disagree,Strongly Agree,Disagree,Disagree,Disagree,Strongly Agree,Strongly Agree,Strongly Agree,Strongly Agree,No
2022/12/18 7:27:13 AM GMT+5:30,20 - 30 years,Male,Diploma,Unmarried,Sri Lankan Based IT Company,Backend Developer,Full - tIme,Work From Home,0,No,2,1,2,"101,000 LKR - 200,000 LKR",Disagree,Agree,Agree,Agree,Neutral,Agree,Strongly Agree,Strongly Agree,Agree,Strongly Agree,Strongly Agree,Agree,Neutral,Neutral,Neutral,Disagree,Disagree,Agree,Agree,Neutral,Neutral,Neutral,Agree,Strongly Agree,Neutral,Agree,Agree,Agree,Disagree,Disagree,Disagree,Disagree,Yes
2022/12/18 7:35:46 AM GMT+5:30,20 - 30 years,Male,BSc,Married,Sri Lankan Based IT Company,Full-stack Developer (Both),Full - tIme,Work From Home,0,No,2,1,1,"Above 200,000 LKR",Strongly Agree,Strongly Agree,Strongly Agree,Strongly Agree,Strongly Agree,Strongly Agree,Neutral,Disagree,Disagree,Neutral,Disagree,Strongly Agree,Strongly Agree,Strongly Agree,Strongly Agree,Strongly Agree,Strongly Agree,Strongly Agree,Strongly Agree,Strongly Agree,Strongly Agree,Strongly Agree,Disagree,Disagree,Strongly Agree,Disagree,Strongly Disagree,Strongly Disagree,Agree,Strongly Agree,Strongly Agree,Strongly Agree,No
2022/12/18 7:40:57 AM GMT+5:30,30 - 40 years,Female,BSc,Unmarried,Sri Lankan Based IT Company,Full-stack Developer (Both),Full - tIme,Hybrid,35,Yes,10,1.5,6,"Above 200,000 LKR",Strongly Agree,Strongly Agree,Strongly Agree,Strongly Agree,Strongly Agree,Strongly Agree,Agree,Agree,Disagree,Agree,Strongly Disagree,Strongly Agree,Strongly Agree,Strongly Agree,Strongly Agree,Strongly Agree,Strongly Agree,Strongly Agree,Strongly Agree,Strongly Agree,Strongly Agree,Strongly Agree,Disagree,Disagree,Agree,Disagree,Disagree,Disagree,Strongly Agree,Strongly Agree,Strongly Agree,Strongly Agree,No
2022/12/18 7:48:24 AM GMT+5:30,20 - 30 years,Male,BSc,Unmarried,Sri Lankan Based IT Company,Backend Developer,Full - tIme,Work From Home,0,No,3,2,1,"41,000 - 100,000 LKR",Agree,Agree,Agree,Neutral,Agree,Agree,Neutral,Agree,Agree,Agree,Agree,Agree,Agree,Neutral,Agree,Agree,Agree,Agree,Agree,Agree,Agree,Agree,Strongly Disagree,Disagree,Agree,Disagree,Disagree,Disagree,Agree,Neutral,Neutral,Agree,No
2022/12/18 7:50:59 AM GMT+5:30,20 - 30 years,Male,BSc,Unmarried,Sri Lankan Based IT Company,Full-stack Developer (Both),Full - tIme,Work From Home,0,No,5,1.5,4,"Above 200,000 LKR",Strongly Agree,Agree,Strongly Agree,Agree,Agree,Strongly Agree,Disagree,Disagree,Disagree,Agree,Neutral,Strongly Agree,Agree,Strongly Agree,Strongly Agree,Strongly Agree,Agree,Strongly Agree,Strongly Agree,Agree,Strongly Agree,Strongly Agree,Disagree,Disagree,Agree,Disagree,Strongly Disagree,Strongly Disagree,Strongly Agree,Strongly Agree,Agree,Strongly Agree,No
2022/12/18 7:55:34 AM GMT+5:30,20 - 30 years,Female,BSc,Married,Sri Lankan Based IT Company,Backend Developer,Full - tIme,On Site,45,Yes,5,0.75,3,"101,000 LKR - 200,000 LKR",Disagree,Neutral,Agree,Disagree,Disagree,Disagree,Strongly Agree,Strongly Agree,Agree,Agree,Strongly Agree,Neutral,Disagree,Disagree,Neutral,Disagree,Disagree,Disagree,Agree,Disagree,Neutral,Disagree,Agree,Strongly Agree,Strongly Agree,Strongly Agree,Neutral,Agree,Disagree,Disagree,Disagree,Neutral,Yes
2022/12/18 7:57:21 AM GMT+5:30,20 - 30 years,Male,MSc,Married,Sri Lankan Based IT Company,Front End Developer,Full - tIme,Work From Home,0,No,6,2,5,"Above 200,000 LKR",Strongly Agree,Agree,Strongly Agree,Strongly Agree,Strongly Agree,Agree,Neutral,Disagree,Disagree,Agree,Disagree,Strongly Agree,Agree,Agree,Agree,Agree,Strongly Agree,Agree,Agree,Agree,Strongly Agree,Agree,Disagree,Disagree,Strongly Agree,Disagree,Disagree,Strongly Disagree,Agree,Strongly Agree,Strongly Agree,Strongly Agree,No
2022/12/18 7:59:22 AM GMT+5:30,30 - 40 years,Female,PhD,Married,Sri Lankan Based IT Company,Full-stack Developer (Both),Full - tIme,Work From Home,0,No,10,3,6,"Above 200,000 LKR",Strongly Agree,Strongly Agree,Strongly Agree,Strongly Agree,Strongly Agree,Strongly Agree,Disagree,Disagree,Disagree,Neutral,Disagree,Strongly Agree,Agree,Agree,Agree,Agree,Strongly Agree,Agree,Agree,Agree,Agree,Strongly Agree,Neutral,Strongly Disagree,Strongly Agree,Strongly Disagree,Strongly Disagree,Neutral,Agree,Agree,Agree,Agree,No
2022/12/18 8:06:28 AM GMT+5:30,20 - 30 years,Male,Diploma,Unmarried,Sri Lankan Based IT Company,Front End Developer,Intern,Work From Home,0,No,1,1,0,"Under 41,000 LKR",Agree,Agree,Agree,Neutral,Agree,Agree,Neutral,Agree,Neutral,Agree,Agree,Neutral,Neutral,Neutral,Agree,Neutral,Neutral,Agree,Agree,Agree,Agree,Neutral,Strongly Disagree,Disagree,Agree,Disagree,Disagree,Strongly Disagree,Agree,Neutral,Neutral,Agree,No
2022/12/18 8:07:44 AM GMT+5:30,20 - 30 years,Female,MSc,Married,Sri Lankan Based IT Company,Backend Developer,Full - tIme,Work From Home,0,No,5,1,3,"Above 200,000 LKR",Agree,Agree,Strongly Agree,Agree,Agree,Strongly Agree,Disagree,Strongly Disagree,Strongly Disagree,Neutral,Neutral,Strongly Agree,Strongly Agree,Agree,Strongly Agree,Strongly Agree,Strongly Agree,Agree,Agree,Agree,Strongly Agree,Agree,Disagree,Strongly Disagree,Strongly Agree,Strongly Disagree,Strongly Disagree,Neutral,Agree,Agree,Agree,Agree,No
2022/12/18 8:09:37 AM GMT+5:30,20 - 30 years,Male,BSc,Unmarried,Sri Lankan Based IT Company,Full-stack Developer (Both),Full - tIme,Work From Home,0,No,3,0.5,1,"Above 200,000 LKR",Strongly Agree,Strongly Agree,Strongly Agree,Strongly Agree,Strongly Agree,Strongly Agree,Disagree,Strongly Disagree,Strongly Disagree,Neutral,Neutral,Agree,Agree,Strongly Agree,Agree,Strongly Agree,Agree,Strongly Agree,Strongly Agree,Strongly Agree,Strongly Agree,Strongly Agree,Disagree,Strongly Disagree,Agree,Strongly Disagree,Strongly Disagree,Neutral,Agree,Agree,Disagree,Agree,No
2022/12/18 8:15:13 AM GMT+5:30,20 - 30 years,Male,BSc,Unmarried,Sri Lankan Based IT Company,Full-stack Developer (Both),Full - tIme,Work From Home,0,No,2,1,2,"101,000 LKR - 200,000 LKR",Disagree,Neutral,Neutral,Disagree,Disagree,Disagree,Agree,Strongly Agree,Agree,Agree,Agree,Neutral,Neutral,Neutral,Disagree,Neutral,Neutral,Disagree,Agree,Neutral,Neutral,Disagree,Agree,Agree,Neutral,Agree,Agree,Strongly Agree,Neutral,Neutral,Strongly Disagree,Neutral,Yes
2022/12/18 8:17:18 AM GMT+5:30,20 - 30 years,Female,Diploma,Unmarried,Foreign Based IT Company,Backend Developer,Part - time,Work From Home,0,No,5,0.583,2,"101,000 LKR - 200,000 LKR",Agree,Agree,Agree,Agree,Agree,Agree,Neutral,Neutral,Neutral,Neutral,Agree,Agree,Agree,Strongly Agree,Agree,Agree,Neutral,Agree,Agree,Agree,Agree,Agree,Neutral,Disagree,Neutral,Disagree,Disagree,Disagree,Neutral,Neutral,Agree,Neutral,No
2022/12/18 8:18:11 AM GMT+5:30,20 - 30 years,Male,BSc,Unmarried,Sri Lankan Based IT Company,Full-stack Developer (Both),Full - tIme,Work From Home,0,No,4,3,1,"101,000 LKR - 200,000 LKR",Agree,Agree,Agree,Agree,Agree,Agree,Neutral,Neutral,Neutral,Agree,Agree,Agree,Agree,Agree,Agree,Agree,Agree,Agree,Agree,Agree,Agree,Agree,Disagree,Disagree,Agree,Disagree,Disagree,Disagree,Agree,Agree,Neutral,Agree,No
2022/12/18 8:19:15 AM GMT+5:30,20 - 30 years,Male,BSc,Unmarried,Sri Lankan Based IT Company,Front End Developer,Full - tIme,Work From Home,0,No,6,0.33,3,"101,000 LKR - 200,000 LKR",Strongly Agree,Agree,Agree,Agree,Agree,Strongly Agree,Disagree,Disagree,Disagree,Neutral,Disagree,Agree,Agree,Agree,Agree,Agree,Strongly Agree,Agree,Agree,Agree,Strongly Agree,Agree,Disagree,Disagree,Agree,Disagree,Disagree,Disagree,Agree,Agree,Agree,Agree,No
2022/12/18 8:52:01 AM GMT+5:30,20 - 30 years,Male,MSc,Unmarried,Sri Lankan Based IT Company,Full-stack Developer (Both),Full - tIme,Hybrid,25,No,5,1,3,"Above 200,000 LKR",Strongly Agree,Strongly Agree,Strongly Agree,Strongly Agree,Strongly Agree,Strongly Agree,Disagree,Disagree,Disagree,Disagree,Disagree,Strongly Agree,Strongly Agree,Agree,Agree,Agree,Strongly Agree,Agree,Agree,Strongly Agree,Strongly Agree,Agree,Disagree,Disagree,Disagree,Disagree,Disagree,Disagree,Agree,Agree,Agree,Agree,No
2022/12/18 8:53:41 AM GMT+5:30,20 - 30 years,Female,MSc,Unmarried,Sri Lankan Based IT Company,Backend Developer,Full - tIme,Work From Home,0,No,4,1.167,2,"Above 200,000 LKR",Agree,Neutral,Agree,Agree,Agree,Agree,Disagree,Disagree,Neutral,Neutral,Disagree,Agree,Agree,Agree,Strongly Agree,Agree,Agree,Agree,Agree,Agree,Agree,Agree,Disagree,Strongly Disagree,Agree,Strongly Disagree,Strongly Disagree,Strongly Disagree,Agree,Agree,Agree,Agree,No
2022/12/18 8:55:39 AM GMT+5:30,20 - 30 years,Female,BSc,Unmarried,Sri Lankan Based IT Company,Front End Developer,Intern,Work From Home,0,No,0.4167,0.4167,0,"41,000 - 100,000 LKR",Strongly Agree,Strongly Agree,Strongly Agree,Strongly Agree,Strongly Agree,Strongly Agree,Disagree,Disagree,Disagree,Disagree,Disagree,Agree,Strongly Agree,Agree,Agree,Strongly Agree,Strongly Agree,Strongly Agree,Strongly Agree,Strongly Agree,Agree,Strongly Agree,Disagree,Disagree,Neutral,Disagree,Disagree,Disagree,Agree,Agree,Agree,Agree,No
2022/12/18 9:08:30 AM GMT+5:30,20 - 30 years,Male,BSc,Unmarried,Sri Lankan Based IT Company,Front End Developer,Full - tIme,Work From Home,0,No,2,1,1,"41,000 - 100,000 LKR",Strongly Agree,Agree,Strongly Agree,Agree,Agree,Agree,Disagree,Agree,Neutral,Agree,Agree,Neutral,Agree,Agree,Agree,Agree,Agree,Agree,Strongly Agree,Agree,Agree,Agree,Strongly Disagree,Disagree,Agree,Disagree,Strongly Disagree,Strongly Disagree,Agree,Neutral,Neutral,Agree,No
2022/12/18 3:12:11 PM GMT+5:30,20 - 30 years,Male,MSc,Unmarried,Sri Lankan Based IT Company,Full-stack Developer (Both),Full - tIme,Work From Home,0,No,9,2,7,"Above 200,000 LKR",Strongly Agree,Strongly Agree,Agree,Strongly Agree,Agree,Agree,Neutral,Neutral,Neutral,Neutral,Neutral,Strongly Agree,Agree,Strongly Agree,Strongly Agree,Strongly Agree,Strongly Agree,Agree,Strongly Agree,Agree,Agree,Agree,Disagree,Disagree,Strongly Agree,Disagree,Disagree,Disagree,Agree,Agree,Agree,Strongly Agree,No
2022/12/18 3:13:45 PM GMT+5:30,20 - 30 years,Female,BSc,Unmarried,Sri Lankan Based IT Company,Backend Developer,Full - tIme,Work From Home,0,No,5,2,3,"Above 200,000 LKR",Agree,Agree,Strongly Agree,Neutral,Agree,Agree,Disagree,Disagree,Disagree,Disagree,Disagree,Strongly Agree,Strongly Agree,Strongly Agree,Strongly Agree,Strongly Agree,Strongly Agree,Strongly Agree,Agree,Strongly Agree,Strongly Agree,Agree,Disagree,Disagree,Agree,Disagree,Disagree,Disagree,Agree,Agree,Strongly Agree,Strongly Agree,No
2022/12/18 3:15:53 PM GMT+5:30,20 - 30 years,Male,MSc,Unmarried,Sri Lankan Based IT Company,Front End Developer,Full - tIme,On Site,20,Yes,8,1.5,5,"Above 200,000 LKR",Agree,Strongly Agree,Agree,Agree,Agree,Agree,Agree,Agree,Disagree,Agree,Agree,Strongly Agree,Strongly Agree,Agree,Strongly Agree,Strongly Agree,Strongly Agree,Strongly Agree,Agree,Agree,Strongly Agree,Agree,Disagree,Disagree,Agree,Disagree,Disagree,Disagree,Agree,Agree,Agree,Agree,No
2022/12/18 3:22:16 PM GMT+5:30,20 - 30 years,Male,Diploma,Unmarried,Sri Lankan Based IT Company,Full-stack Developer (Both),Full - tIme,Work From Home,0,No,3,1,2,"101,000 LKR - 200,000 LKR",Disagree,Neutral,Agree,Neutral,Disagree,Disagree,Agree,Agree,Agree,Agree,Strongly Agree,Neutral,Disagree,Neutral,Disagree,Disagree,Neutral,Neutral,Agree,Neutral,Neutral,Neutral,Agree,Agree,Disagree,Agree,Agree,Agree,Disagree,Disagree,Disagree,Disagree,Yes
2022/12/18 3:26:06 PM GMT+5:30,30 - 40 years,Female,MSc,Married,Sri Lankan Based IT Company,Backend Developer,Full - tIme,Hybrid,54,Yes,12,2,6,"Above 200,000 LKR",Neutral,Agree,Strongly Agree,Agree,Agree,Strongly Agree,Disagree,Disagree,Disagree,Agree,Neutral,Agree,Agree,Agree,Agree,Agree,Agree,Strongly Agree,Strongly Agree,Agree,Agree,Strongly Agree,Disagree,Disagree,Agree,Disagree,Strongly Disagree,Disagree,Agree,Agree,Agree,Neutral,No
2022/12/18 3:33:27 PM GMT+5:30,20 - 30 years,Male,BSc,Unmarried,Sri Lankan Based IT Company,Front End Developer,Full - tIme,Work From Home,0,No,5,0.75,3,"101,000 LKR - 200,000 LKR",Strongly Agree,Strongly Agree,Strongly Agree,Agree,Strongly Agree,Strongly Agree,Disagree,Disagree,Disagree,Disagree,Disagree,Agree,Agree,Agree,Agree,Agree,Agree,Strongly Agree,Agree,Strongly Agree,Strongly Agree,Agree,Disagree,Disagree,Neutral,Disagree,Disagree,Disagree,Agree,Agree,Agree,Agree,No
2022/12/18 3:35:23 PM GMT+5:30,20 - 30 years,Male,MSc,Unmarried,Sri Lankan Based IT Company,Backend Developer,Full - tIme,Work From Home,0,No,8,3,4,"Above 200,000 LKR",Strongly Agree,Strongly Agree,Strongly Agree,Strongly Agree,Strongly Agree,Strongly Agree,Strongly Disagree,Strongly Disagree,Disagree,Agree,Neutral,Strongly Agree,Strongly Agree,Strongly Agree,Strongly Agree,Strongly Agree,Strongly Agree,Strongly Agree,Strongly Agree,Strongly Agree,Strongly Agree,Strongly Agree,Disagree,Disagree,Strongly Agree,Strongly Disagree,Strongly Disagree,Strongly Disagree,Agree,Strongly Agree,Strongly Agree,Strongly Agree,No
2022/12/18 3:38:41 PM GMT+5:30,20 - 30 years,Male,BSc,Unmarried,Foreign Based IT Company,Full-stack Developer (Both),Intern,Work From Home,0,No,0.5,0.5,0,"Under 41,000 LKR",Strongly Disagree,Neutral,Agree,Neutral,Neutral,Neutral,Agree,Agree,Agree,Agree,Agree,Neutral,Neutral,Disagree,Disagree,Disagree,Disagree,Neutral,Strongly Agree,Neutral,Agree,Disagree,Agree,Strongly Agree,Neutral,Agree,Agree,Neutral,Disagree,Disagree,Strongly Disagree,Neutral,Yes
2022/12/18 3:40:56 PM GMT+5:30,10 - 20 years,Male,Diploma,Unmarried,Sri Lankan Based IT Company,Front End Developer,Intern,Work From Home,0,No,0.67,0.67,0,"41,000 - 100,000 LKR",Strongly Agree,Strongly Agree,Strongly Agree,Strongly Agree,Strongly Agree,Strongly Agree,Disagree,Disagree,Disagree,Neutral,Neutral,Strongly Agree,Strongly Agree,Strongly Agree,Strongly Agree,Strongly Agree,Strongly Agree,Strongly Agree,Strongly Agree,Strongly Agree,Strongly Agree,Strongly Agree,Disagree,Disagree,Agree,Strongly Disagree,Strongly Disagree,Strongly Disagree,Agree,Strongly Agree,Strongly Agree,Strongly Agree,No
2022/12/18 3:59:35 PM GMT+5:30,Above 40 years,Male,PhD,Married,Sri Lankan Based IT Company,Full-stack Developer (Both),Full - tIme,Work From Home,0,No,15,5,0,"Above 200,000 LKR",Strongly Agree,Strongly Agree,Strongly Agree,Strongly Agree,Strongly Agree,Strongly Agree,Neutral,Neutral,Neutral,Strongly Agree,Strongly Agree,Strongly Agree,Strongly Agree,Strongly Agree,Strongly Agree,Strongly Agree,Strongly Agree,Strongly Agree,Strongly Agree,Strongly Agree,Strongly Agree,Strongly Agree,Disagree,Disagree,Strongly Agree,Strongly Disagree,Strongly Disagree,Strongly Disagree,Strongly Agree,Strongly Agree,Strongly Agree,Strongly Agree,No
2022/12/18 4:03:33 PM GMT+5:30,20 - 30 years,Female,BSc,Unmarried,Sri Lankan Based IT Company,Full-stack Developer (Both),Full - tIme,Work From Home,0,No,3,1,2,"101,000 LKR - 200,000 LKR",Disagree,Agree,Agree,Agree,Agree,Agree,Agree,Agree,Neutral,Agree,Agree,Agree,Agree,Agree,Agree,Neutral,Neutral,Agree,Agree,Agree,Agree,Strongly Agree,Neutral,Neutral,Agree,Agree,Disagree,Neutral,Neutral,Neutral,Strongly Agree,Agree,Yes
2022/12/18 4:09:58 PM GMT+5:30,20 - 30 years,Male,MSc,Married,Foreign Based IT Company,Backend Developer,Full - tIme,Work From Home,0,No,4,0.583,2,"Above 200,000 LKR",Agree,Agree,Strongly Agree,Agree,Agree,Agree,Disagree,Neutral,Disagree,Agree,Neutral,Strongly Agree,Strongly Agree,Strongly Agree,Strongly Agree,Strongly Agree,Strongly Agree,Agree,Agree,Neutral,Neutral,Agree,Disagree,Disagree,Agree,Disagree,Disagree,Neutral,Agree,Agree,Neutral,Neutral,No
2022/12/18 4:11:32 PM GMT+5:30,20 - 30 years,Female,BSc,Unmarried,Sri Lankan Based IT Company,Front End Developer,Intern,Work From Home,0,No,1,1,0,"Under 41,000 LKR",Disagree,Strongly Agree,Strongly Agree,Strongly Agree,Strongly Agree,Strongly Agree,Neutral,Neutral,Disagree,Agree,Neutral,Agree,Agree,Strongly Agree,Neutral,Strongly Agree,Agree,Agree,Agree,Neutral,Agree,Agree,Strongly Agree,Agree,Neutral,Agree,Agree,Neutral,Agree,Agree,Neutral,Agree,Yes
2022/12/18 4:14:36 PM GMT+5:30,20 - 30 years,Male,BSc,Unmarried,Sri Lankan Based IT Company,Full-stack Developer (Both),Intern,Hybrid,12,No,1,0.167,1,"41,000 - 100,000 LKR",Agree,Neutral,Neutral,Neutral,Neutral,Neutral,Neutral,Neutral,Neutral,Agree,Agree,Neutral,Agree,Agree,Agree,Neutral,Neutral,Strongly Agree,Strongly Agree,Strongly Agree,Neutral,Agree,Disagree,Strongly Disagree,Agree,Disagree,Disagree,Disagree,Neutral,Neutral,Neutral,Agree,No
2022/12/18 4:15:29 PM GMT+5:30,30 - 40 years,Male,MSc,Married,Foreign Based IT Company,Full-stack Developer (Both),Full - tIme,Hybrid,30,Yes,10,3,2,"101,000 LKR - 200,000 LKR",Disagree,Neutral,Neutral,Neutral,Neutral,Neutral,Strongly Agree,Strongly Agree,Agree,Strongly Agree,Agree,Strongly Agree,Strongly Agree,Strongly Agree,Agree,Agree,Agree,Neutral,Neutral,Neutral,Agree,Agree,Strongly Agree,Strongly Agree,Strongly Agree,Agree,Strongly Agree,Strongly Agree,Strongly Agree,Strongly Agree,Strongly Agree,Agree,Yes
2022/12/18 4:16:12 PM GMT+5:30,20 - 30 years,Male,MSc,Unmarried,Sri Lankan Based IT Company,Backend Developer,Full - tIme,Work From Home,0,No,7,2,4,"Above 200,000 LKR",Strongly Agree,Strongly Agree,Strongly Agree,Neutral,Neutral,Agree,Neutral,Agree,Neutral,Agree,Agree,Agree,Agree,Agree,Agree,Agree,Agree,Agree,Strongly Agree,Agree,Agree,Agree,Disagree,Disagree,Neutral,Disagree,Disagree,Disagree,Neutral,Neutral,Neutral,Neutral,No
2022/12/18 4:18:18 PM GMT+5:30,Above 40 years,Male,MSc,Married,Foreign Based IT Company,Full-stack Developer (Both),Full - tIme,Hybrid,40,No,20,10,0,"101,000 LKR - 200,000 LKR",Strongly Disagree,Disagree,Neutral,Neutral,Neutral,Neutral,Neutral,Agree,Agree,Agree,Neutral,Strongly Agree,Strongly Agree,Strongly Agree,Strongly Agree,Strongly Agree,Strongly Agree,Neutral,Agree,Agree,Agree,Neutral,Agree,Agree,Strongly Agree,Strongly Agree,Agree,Strongly Agree,Strongly Agree,Strongly Agree,Agree,Strongly Agree,No
2022/12/18 4:19:20 PM GMT+5:30,20 - 30 years,Female,MSc,Married,Foreign Based IT Company,Full-stack Developer (Both),Full - tIme,Work From Home,0,No,6,1.5,3,"Above 200,000 LKR",Agree,Strongly Agree,Strongly Agree,Neutral,Agree,Agree,Disagree,Disagree,Disagree,Neutral,Neutral,Agree,Agree,Agree,Agree,Agree,Agree,Strongly Agree,Strongly Agree,Neutral,Neutral,Strongly Agree,Neutral,Strongly Disagree,Agree,Strongly Disagree,Strongly Disagree,Disagree,Strongly Agree,Agree,Disagree,Agree,No
2022/12/18 4:20:52 PM GMT+5:30,20 - 30 years,Female,Diploma,Unmarried,Sri Lankan Based IT Company,Backend Developer,Part - time,Work From Home,0,Yes,1,1,0,"Under 41,000 LKR",Strongly Disagree,Neutral,Agree,Agree,Agree,Agree,Strongly Agree,Strongly Agree,Strongly Agree,Agree,Agree,Strongly Agree,Strongly Agree,Agree,Agree,Agree,Strongly Agree,Agree,Agree,Neutral,Agree,Agree,Agree,Agree,Agree,Strongly Agree,Agree,Neutral,Agree,Agree,Neutral,Disagree,Yes
2022/12/18 4:21:49 PM GMT+5:30,30 - 40 years,Female,BSc,Unmarried,Sri Lankan Based IT Company,Front End Developer,Full - tIme,Hybrid,75,No,7,1.583,3,"Above 200,000 LKR",Neutral,Agree,Agree,Neutral,Neutral,Neutral,Agree,Agree,Neutral,Agree,Agree,Agree,Agree,Agree,Agree,Neutral,Neutral,Agree,Agree,Disagree,Neutral,Agree,Neutral,Disagree,Disagree,Disagree,Agree,Strongly Agree,Agree,Neutral,Neutral,Neutral,Yes
2022/12/18 4:23:45 PM GMT+5:30,30 - 40 years,Female,MSc,Unmarried,Foreign Based IT Company,Full-stack Developer (Both),Full - tIme,On Site,20,Yes,12,12,0,"101,000 LKR - 200,000 LKR",Neutral,Agree,Neutral,Agree,Agree,Agree,Agree,Agree,Strongly Agree,Agree,Strongly Agree,Neutral,Agree,Neutral,Agree,Agree,Agree,Agree,Agree,Agree,Neutral,Agree,Agree,Agree,Strongly Agree,Agree,Agree,Strongly Agree,Agree,Agree,Strongly Agree,Agree,Yes
2022/12/18 4:26:08 PM GMT+5:30,20 - 30 years,Female,BSc,Married,Foreign Based IT Company,Front End Developer,Full - tIme,Work From Home,0,No,4,4,0,"41,000 - 100,000 LKR",Strongly Disagree,Agree,Agree,Neutral,Neutral,Agree,Strongly Agree,Agree,Strongly Agree,Strongly Agree,Strongly Agree,Agree,Strongly Agree,Strongly Agree,Agree,Agree,Agree,Agree,Agree,Neutral,Agree,Agree,Strongly Agree,Strongly Agree,Strongly Agree,Strongly Agree,Strongly Agree,Strongly Agree,Neutral,Agree,Agree,Agree,Yes
2022/12/18 4:44:21 PM GMT+5:30,20 - 30 years,Male,BSc,Unmarried,Sri Lankan Based IT Company,Backend Developer,Full - tIme,Work From Home,0,No,1.5,0.5,1,"41,000 - 100,000 LKR",Disagree,Agree,Agree,Agree,Neutral,Neutral,Agree,Agree,Agree,Agree,Agree,Agree,Agree,Neutral,Agree,Neutral,Neutral,Agree,Agree,Neutral,Neutral,Agree,Agree,Disagree,Neutral,Agree,Neutral,Agree,Disagree,Neutral,Disagree,Neutral,Yes
2022/12/18 4:46:38 PM GMT+5:30,20 - 30 years,Female,MSc,Married,Sri Lankan Based IT Company,Front End Developer,Full - tIme,Work From Home,0,No,6.5,1.5,4,"Above 200,000 LKR",Agree,Agree,Agree,Agree,Agree,Agree,Disagree,Disagree,Disagree,Agree,Agree,Agree,Agree,Agree,Agree,Agree,Agree,Agree,Strongly Agree,Agree,Agree,Agree,Disagree,Disagree,Agree,Disagree,Disagree,Disagree,Agree,Agree,Agree,Strongly Agree,No
2022/12/18 4:50:00 PM GMT+5:30,10 - 20 years,Female,BSc,Unmarried,Sri Lankan Based IT Company,Full-stack Developer (Both),Full - tIme,Work From Home,0,No,0.25,0.25,0,"41,000 - 100,000 LKR",Agree,Agree,Agree,Neutral,Neutral,Neutral,Strongly Disagree,Strongly Disagree,Strongly Disagree,Neutral,Neutral,Agree,Agree,Neutral,Agree,Neutral,Neutral,Agree,Strongly Agree,Agree,Agree,Agree,Disagree,Strongly Disagree,Agree,Strongly Disagree,Strongly Disagree,Strongly Disagree,Agree,Agree,Agree,Agree,No
2022/12/18 5:05:25 PM GMT+5:30,20 - 30 years,Female,BSc,Unmarried,Sri Lankan Based IT Company,Full-stack Developer (Both),Full - tIme,Work From Home,0,No,2.5,1.5,2,"Above 200,000 LKR",Agree,Agree,Agree,Agree,Agree,Agree,Disagree,Disagree,Disagree,Neutral,Agree,Agree,Agree,Agree,Agree,Agree,Agree,Agree,Strongly Agree,Strongly Agree,Strongly Agree,Strongly Agree,Disagree,Disagree,Strongly Agree,Neutral,Disagree,Disagree,Neutral,Neutral,Neutral,Neutral,No
2022/12/18 5:15:24 PM GMT+5:30,10 - 20 years,Male,BSc,Unmarried,Foreign Based IT Company,Front End Developer,Full - tIme,Work From Home,0,No,0.67,0.67,0,"41,000 - 100,000 LKR",Agree,Agree,Strongly Agree,Agree,Agree,Agree,Disagree,Disagree,Disagree,Neutral,Neutral,Agree,Agree,Agree,Agree,Agree,Agree,Strongly Agree,Strongly Agree,Strongly Agree,Agree,Agree,Disagree,Disagree,Neutral,Disagree,Disagree,Disagree,Agree,Agree,Agree,Agree,No
2022/12/18 5:42:02 PM GMT+5:30,20 - 30 years,Male,BSc,Unmarried,Sri Lankan Based IT Company,Full-stack Developer (Both),Full - tIme,Work From Home,0,No,3,0.5,2,"101,000 LKR - 200,000 LKR",Agree,Strongly Agree,Strongly Agree,Strongly Agree,Agree,Agree,Neutral,Neutral,Disagree,Neutral,Neutral,Agree,Agree,Agree,Agree,Neutral,Neutral,Agree,Agree,Agree,Agree,Agree,Agree,Agree,Agree,Agree,Agree,Agree,Agree,Agree,Agree,Agree,No
2022/12/18 5:44:14 PM GMT+5:30,20 - 30 years,Female,BSc,Unmarried,Sri Lankan Based IT Company,Full-stack Developer (Both),Full - tIme,Work From Home,0,No,1,1,1,"101,000 LKR - 200,000 LKR",Disagree,Neutral,Agree,Neutral,Agree,Agree,Neutral,Agree,Agree,Agree,Agree,Agree,Agree,Neutral,Neutral,Neutral,Neutral,Neutral,Agree,Neutral,Agree,Neutral,Agree,Neutral,Neutral,Agree,Disagree,Agree,Disagree,Disagree,Agree,Disagree,Yes
2022/12/18 5:44:52 PM GMT+5:30,Above 40 years,Female,PhD,Married,Sri Lankan Based IT Company,Full-stack Developer (Both),Full - tIme,Work From Home,0,No,18,3.75,1,"Above 200,000 LKR",Strongly Agree,Strongly Agree,Strongly Agree,Agree,Agree,Neutral,Neutral,Neutral,Neutral,Strongly Agree,Strongly Agree,Neutral,Neutral,Strongly Agree,Neutral,Strongly Agree,Strongly Agree,Neutral,Strongly Agree,Strongly Agree,Agree,Strongly Agree,Neutral,Disagree,Agree,Neutral,Strongly Disagree,Neutral,Strongly Agree,Disagree,Disagree,Strongly Agree,No
2022/12/18 5:49:03 PM GMT+5:30,20 - 30 years,Female,BSc,Unmarried,Sri Lankan Based IT Company,Front End Developer,Intern,Hybrid,33,Yes,0.4167,0.4167,0,"Under 41,000 LKR",Neutral,Agree,Agree,Neutral,Strongly Agree,Strongly Agree,Neutral,Neutral,Neutral,Neutral,Neutral,Agree,Agree,Strongly Agree,Agree,Neutral,Neutral,Strongly Agree,Strongly Agree,Agree,Agree,Strongly Agree,Disagree,Disagree,Agree,Disagree,Disagree,Disagree,Agree,Agree,Neutral,Agree,No
2022/12/18 5:58:15 PM GMT+5:30,20 - 30 years,Female,MSc,Unmarried,Sri Lankan Based IT Company,Full-stack Developer (Both),Full - tIme,Work From Home,0,No,5,1,2,"Above 200,000 LKR",Neutral,Agree,Strongly Agree,Agree,Agree,Agree,Neutral,Disagree,Disagree,Agree,Neutral,Agree,Agree,Agree,Agree,Neutral,Neutral,Agree,Agree,Agree,Agree,Agree,Disagree,Disagree,Agree,Strongly Disagree,Disagree,Disagree,Agree,Agree,Neutral,Agree,No
2022/12/18 6:01:17 PM GMT+5:30,30 - 40 years,Female,MSc,Married,Foreign Based IT Company,Full-stack Developer (Both),Full - tIme,Work From Home,0,No,11,2,2,"Above 200,000 LKR",Neutral,Agree,Strongly Agree,Neutral,Agree,Agree,Neutral,Neutral,Neutral,Agree,Agree,Agree,Agree,Agree,Agree,Agree,Agree,Strongly Agree,Strongly Agree,Agree,Agree,Strongly Agree,Disagree,Strongly Disagree,Agree,Strongly Disagree,Strongly Disagree,Strongly Disagree,Agree,Agree,Disagree,Agree,No
2022/12/18 6:01:20 PM GMT+5:30,20 - 30 years,Female,BSc,Unmarried,Foreign Based IT Company,Front End Developer,Full - tIme,Hybrid,20,Yes,1,1,1,"41,000 - 100,000 LKR",Agree,Agree,Agree,Agree,Agree,Agree,Neutral,Neutral,Agree,Agree,Agree,Agree,Agree,Agree,Strongly Agree,Agree,Agree,Agree,Agree,Agree,Agree,Agree,Neutral,Neutral,Agree,Neutral,Neutral,Neutral,Agree,Agree,Agree,Agree,No
2022/12/18 6:03:15 PM GMT+5:30,30 - 40 years,Male,MSc,Married,Sri Lankan Based IT Company,Front End Developer,Full - tIme,On Site,25,Yes,3,2,2,"101,000 LKR - 200,000 LKR",Agree,Agree,Agree,Agree,Agree,Agree,Neutral,Neutral,Neutral,Neutral,Agree,Agree,Agree,Agree,Strongly Agree,Strongly Agree,Strongly Agree,Agree,Agree,Agree,Agree,Agree,Agree,Agree,Agree,Agree,Agree,Agree,Agree,Agree,Agree,Agree,Yes
2022/12/18 6:03:41 PM GMT+5:30,20 - 30 years,Female,Diploma,Unmarried,Sri Lankan Based IT Company,Backend Developer,Full - tIme,Work From Home,0,No,5,1,1,"Above 200,000 LKR",Neutral,Agree,Strongly Agree,Agree,Agree,Neutral,Strongly Disagree,Strongly Disagree,Neutral,Neutral,Neutral,Agree,Agree,Agree,Agree,Neutral,Neutral,Agree,Agree,Strongly Agree,Agree,Agree,Neutral,Disagree,Agree,Disagree,Disagree,Disagree,Agree,Strongly Agree,Strongly Agree,Strongly Agree,No
2022/12/18 6:05:23 PM GMT+5:30,20 - 30 years,Male,Diploma,Unmarried,Foreign Based IT Company,Front End Developer,Intern,Work From Home,0,Yes,6,6,1,"Under 41,000 LKR",Neutral,Neutral,Neutral,Neutral,Neutral,Neutral,Neutral,Neutral,Agree,Agree,Agree,Neutral,Neutral,Neutral,Neutral,Neutral,Neutral,Neutral,Neutral,Agree,Neutral,Neutral,Agree,Agree,Neutral,Agree,Neutral,Neutral,Neutral,Neutral,Neutral,Neutral,Yes
2022/12/18 6:07:35 PM GMT+5:30,20 - 30 years,Female,Diploma,Unmarried,Sri Lankan Based IT Company,Backend Developer,Intern,Hybrid,25,Yes,1,1,1,"Under 41,000 LKR",Neutral,Neutral,Neutral,Neutral,Neutral,Agree,Agree,Agree,Agree,Strongly Agree,Strongly Agree,Neutral,Neutral,Disagree,Disagree,Disagree,Neutral,Disagree,Disagree,Disagree,Neutral,Disagree,Agree,Agree,Neutral,Agree,Agree,Agree,Neutral,Neutral,Neutral,Neutral,Yes
2022/12/18 6:10:42 PM GMT+5:30,30 - 40 years,Female,BSc,Married,Sri Lankan Based IT Company,Full-stack Developer (Both),Full - tIme,Hybrid,32,Yes,5,5,1,"Above 200,000 LKR",Agree,Agree,Agree,Agree,Agree,Agree,Agree,Agree,Agree,Agree,Agree,Agree,Agree,Agree,Agree,Agree,Agree,Agree,Agree,Agree,Agree,Agree,Neutral,Agree,Agree,Agree,Agree,Agree,Agree,Agree,Agree,Agree,No
2022/12/18 6:12:59 PM GMT+5:30,20 - 30 years,Male,Diploma,Married,Foreign Based IT Company,Front End Developer,Intern,Work From Home,0,Yes,1,1,1,"Under 41,000 LKR",Neutral,Neutral,Neutral,Agree,Agree,Agree,Agree,Agree,Agree,Agree,Agree,Neutral,Neutral,Disagree,Neutral,Neutral,Neutral,Neutral,Neutral,Agree,Agree,Agree,Neutral,Neutral,Agree,Agree,Agree,Agree,Neutral,Agree,Neutral,Agree,Yes
2022/12/18 6:14:17 PM GMT+5:30,20 - 30 years,Female,BSc,Unmarried,Sri Lankan Based IT Company,Full-stack Developer (Both),Full - tIme,Work From Home,0,No,2,0.083,1,"41,000 - 100,000 LKR",Neutral,Agree,Agree,Agree,Agree,Agree,Neutral,Neutral,Neutral,Neutral,Neutral,Agree,Agree,Agree,Agree,Neutral,Neutral,Agree,Strongly Agree,Agree,Neutral,Agree,Strongly Disagree,Strongly Disagree,Agree,Strongly Disagree,Strongly Disagree,Strongly Disagree,Agree,Agree,Neutral,Agree,No
2022/12/18 6:14:37 PM GMT+5:30,Above 40 years,Female,MSc,Married,Foreign Based IT Company,Backend Developer,Full - tIme,Hybrid,30,Yes,6,6,1,"Above 200,000 LKR",Agree,Agree,Agree,Agree,Agree,Agree,Agree,Agree,Agree,Agree,Agree,Agree,Agree,Agree,Agree,Agree,Agree,Agree,Agree,Agree,Agree,Agree,Agree,Agree,Agree,Agree,Agree,Agree,Agree,Agree,Agree,Agree,No
2022/12/18 6:16:16 PM GMT+5:30,30 - 40 years,Male,BSc,Married,Sri Lankan Based IT Company,Backend Developer,Part - time,Work From Home,0,Yes,3,1,2,"101,000 LKR - 200,000 LKR",Agree,Agree,Agree,Agree,Agree,Agree,Agree,Agree,Neutral,Agree,Agree,Neutral,Agree,Agree,Agree,Agree,Agree,Agree,Agree,Agree,Agree,Agree,Neutral,Neutral,Agree,Agree,Agree,Agree,Agree,Neutral,Agree,Neutral,No
2022/12/18 6:17:30 PM GMT+5:30,30 - 40 years,Female,MSc,Unmarried,Foreign Based IT Company,Backend Developer,Part - time,Hybrid,14,Yes,2,2,1,"101,000 LKR - 200,000 LKR",Agree,Agree,Neutral,Agree,Agree,Neutral,Agree,Agree,Neutral,Neutral,Neutral,Agree,Agree,Neutral,Agree,Agree,Neutral,Agree,Agree,Agree,Agree,Agree,Neutral,Neutral,Agree,Agree,Agree,Agree,Agree,Agree,Agree,Agree,No
2022/12/18 6:50:25 PM GMT+5:30,20 - 30 years,Female,BSc,Unmarried,Sri Lankan Based IT Company,Front End Developer,Full - tIme,Work From Home,0,No,1,1,1,"41,000 - 100,000 LKR",Agree,Neutral,Agree,Neutral,Agree,Agree,Agree,Strongly Agree,Agree,Strongly Agree,Agree,Agree,Agree,Neutral,Neutral,Agree,Agree,Neutral,Agree,Agree,Agree,Neutral,Neutral,Disagree,Agree,Disagree,Disagree,Neutral,Neutral,Disagree,Disagree,Agree,No
2022/12/18 6:54:46 PM GMT+5:30,20 - 30 years,Female,BSc,Unmarried,Sri Lankan Based IT Company,Full-stack Developer (Both),Full - tIme,Work From Home,0,No,1.667,0.667,1,"41,000 - 100,000 LKR",Neutral,Agree,Agree,Agree,Agree,Agree,Neutral,Neutral,Neutral,Neutral,Neutral,Agree,Agree,Agree,Agree,Neutral,Agree,Neutral,Strongly Agree,Neutral,Neutral,Agree,Neutral,Disagree,Neutral,Strongly Disagree,Strongly Disagree,Neutral,Neutral,Agree,Disagree,Neutral,No
2022/12/18 6:58:12 PM GMT+5:30,30 - 40 years,Female,MSc,Unmarried,Sri Lankan Based IT Company,Front End Developer,Full - tIme,Work From Home,0,No,9,0.83,5,"101,000 LKR - 200,000 LKR",Strongly Disagree,Neutral,Strongly Agree,Neutral,Neutral,Neutral,Strongly Agree,Strongly Agree,Agree,Agree,Strongly Agree,Disagree,Neutral,Agree,Strongly Disagree,Neutral,Agree,Agree,Strongly Agree,Disagree,Disagree,Neutral,Agree,Strongly Agree,Neutral,Agree,Neutral,Agree,Disagree,Disagree,Disagree,Disagree,Yes
2022/12/18 7:00:30 PM GMT+5:30,30 - 40 years,Male,MSc,Married,Sri Lankan Based IT Company,Full-stack Developer (Both),Full - tIme,Hybrid,40,Yes,10,1.83,2,"Above 200,000 LKR",Neutral,Agree,Agree,Agree,Agree,Agree,Neutral,Neutral,Neutral,Agree,Agree,Agree,Agree,Agree,Agree,Agree,Agree,Strongly Agree,Strongly Agree,Strongly Agree,Agree,Strongly Agree,Neutral,Disagree,Agree,Disagree,Disagree,Disagree,Agree,Agree,Neutral,Agree,No
2022/12/18 7:03:53 PM GMT+5:30,20 - 30 years,Male,BSc,Unmarried,Sri Lankan Based IT Company,Full-stack Developer (Both),Full - tIme,Work From Home,0,No,2,0.9167,1,"101,000 LKR - 200,000 LKR",Neutral,Agree,Agree,Agree,Agree,Agree,Neutral,Neutral,Neutral,Neutral,Neutral,Agree,Agree,Agree,Agree,Agree,Neutral,Strongly Agree,Strongly Agree,Agree,Agree,Strongly Agree,Disagree,Disagree,Agree,Neutral,Disagree,Disagree,Agree,Agree,Agree,Agree,No
2022/12/18 7:14:08 PM GMT+5:30,20 - 30 years,Male,BSc,Unmarried,Sri Lankan Based IT Company,Full-stack Developer (Both),Intern,Work From Home,0,No,0.5,0.5,0,"Under 41,000 LKR",Neutral,Agree,Agree,Agree,Agree,Strongly Agree,Neutral,Neutral,Neutral,Neutral,Neutral,Agree,Agree,Agree,Agree,Agree,Agree,Agree,Agree,Agree,Agree,Agree,Disagree,Disagree,Neutral,Disagree,Disagree,Disagree,Agree,Neutral,Neutral,Agree,No
2022/12/18 7:25:01 PM GMT+5:30,20 - 30 years,Male,BSc,Unmarried,Sri Lankan Based IT Company,Front End Developer,Full - tIme,Work From Home,0,No,3,1,2,"Above 200,000 LKR",Neutral,Agree,Strongly Agree,Agree,Agree,Agree,Neutral,Neutral,Neutral,Agree,Agree,Agree,Agree,Agree,Agree,Agree,Agree,Agree,Agree,Agree,Agree,Agree,Disagree,Strongly Disagree,Agree,Strongly Disagree,Strongly Disagree,Strongly Disagree,Agree,Agree,Agree,Agree,No
2022/12/18 7:27:53 PM GMT+5:30,20 - 30 years,Female,BSc,Unmarried,Sri Lankan Based IT Company,Backend Developer,Intern,Work From Home,0,No,0.083,0.083,0,"Under 41,000 LKR",Agree,Agree,Agree,Strongly Agree,Agree,Strongly Agree,Neutral,Disagree,Neutral,Neutral,Neutral,Neutral,Neutral,Agree,Agree,Neutral,Neutral,Strongly Agree,Strongly Agree,Strongly Agree,Agree,Strongly Agree,Disagree,Disagree,Agree,Disagree,Strongly Disagree,Strongly Disagree,Agree,Agree,Neutral,Neutral,No
2022/12/18 7:29:59 PM GMT+5:30,30 - 40 years,Male,MSc,Unmarried,Sri Lankan Based IT Company,Full-stack Developer (Both),Full - tIme,Hybrid,23,Yes,10.5,1.5,3,"Above 200,000 LKR",Agree,Agree,Agree,Agree,Agree,Agree,Neutral,Neutral,Neutral,Agree,Neutral,Strongly Agree,Agree,Strongly Agree,Agree,Agree,Agree,Strongly Agree,Strongly Agree,Agree,Neutral,Strongly Agree,Neutral,Disagree,Agree,Strongly Disagree,Strongly Disagree,Strongly Disagree,Agree,Strongly Agree,Agree,Strongly Agree,No
2022/12/18 7:32:17 PM GMT+5:30,10 - 20 years,Female,BSc,Unmarried,Sri Lankan Based IT Company,Front End Developer,Intern,Work From Home,0,No,0.083,0.083,0,"Under 41,000 LKR",Neutral,Neutral,Strongly Agree,Neutral,Neutral,Neutral,Neutral,Neutral,Neutral,Neutral,Neutral,Neutral,Strongly Agree,Strongly Agree,Strongly Agree,Neutral,Neutral,Strongly Agree,Strongly Agree,Agree,Agree,Strongly Agree,Disagree,Disagree,Agree,Disagree,Disagree,Disagree,Agree,Agree,Neutral,Agree,No
2022/12/18 7:33:46 PM GMT+5:30,20 - 30 years,Female,BSc,Unmarried,Sri Lankan Based IT Company,Front End Developer,Full - tIme,Work From Home,0,No,5,1,3,"Above 200,000 LKR",Strongly Agree,Strongly Agree,Strongly Agree,Strongly Agree,Strongly Agree,Strongly Agree,Disagree,Disagree,Disagree,Agree,Agree,Strongly Agree,Strongly Agree,Strongly Agree,Strongly Agree,Strongly Agree,Strongly Agree,Strongly Agree,Strongly Agree,Strongly Agree,Strongly Agree,Strongly Agree,Strongly Disagree,Strongly Disagree,Strongly Agree,Strongly Disagree,Strongly Disagree,Strongly Disagree,Strongly Agree,Agree,Agree,Agree,No
2022/12/18 7:57:51 PM GMT+5:30,20 - 30 years,Female,BSc,Unmarried,Sri Lankan Based IT Company,Full-stack Developer (Both),Full - tIme,Work From Home,0,No,4,1,2,"Above 200,000 LKR",Neutral,Agree,Strongly Agree,Agree,Agree,Agree,Neutral,Neutral,Neutral,Agree,Agree,Strongly Agree,Strongly Agree,Strongly Agree,Strongly Agree,Strongly Agree,Agree,Strongly Agree,Strongly Agree,Strongly Agree,Strongly Agree,Strongly Agree,Disagree,Strongly Disagree,Agree,Strongly Disagree,Strongly Disagree,Strongly Disagree,Agree,Agree,Neutral,Agree,No
2022/12/18 8:02:50 PM GMT+5:30,20 - 30 years,Female,BSc,Unmarried,Sri Lankan Based IT Company,Front End Developer,Full - tIme,Work From Home,0,No,3,0.5,2,"Above 200,000 LKR",Neutral,Neutral,Agree,Neutral,Agree,Agree,Neutral,Neutral,Neutral,Neutral,Neutral,Agree,Agree,Agree,Agree,Agree,Agree,Strongly Agree,Strongly Agree,Strongly Agree,Strongly Agree,Strongly Agree,Disagree,Disagree,Agree,Disagree,Strongly Disagree,Disagree,Agree,Neutral,Neutral,Agree,No
2022/12/18 8:06:09 PM GMT+5:30,20 - 30 years,Male,BSc,Unmarried,Sri Lankan Based IT Company,Backend Developer,Full - tIme,Hybrid,105,Yes,2,1,1,"41,000 - 100,000 LKR",Strongly Disagree,Neutral,Agree,Neutral,Neutral,Disagree,Agree,Agree,Agree,Neutral,Strongly Agree,Agree,Agree,Agree,Disagree,Disagree,Neutral,Neutral,Strongly Agree,Neutral,Neutral,Disagree,Neutral,Agree,Neutral,Agree,Agree,Strongly Agree,Disagree,Disagree,Disagree,Neutral,Yes
2022/12/18 8:10:30 PM GMT+5:30,20 - 30 years,Female,Diploma,Unmarried,Sri Lankan Based IT Company,Front End Developer,Full - tIme,Work From Home,0,Yes,2,1,1,"101,000 LKR - 200,000 LKR",Disagree,Agree,Strongly Agree,Neutral,Neutral,Disagree,Agree,Agree,Neutral,Neutral,Neutral,Disagree,Disagree,Agree,Disagree,Disagree,Disagree,Neutral,Strongly Agree,Neutral,Neutral,Neutral,Strongly Agree,Neutral,Disagree,Strongly Agree,Neutral,Strongly Agree,Disagree,Strongly Disagree,Strongly Disagree,Disagree,Yes
2022/12/18 8:17:03 PM GMT+5:30,30 - 40 years,Female,PhD,Married,Sri Lankan Based IT Company,Full-stack Developer (Both),Full - tIme,Work From Home,0,No,7,2,2,"Above 200,000 LKR",Strongly Agree,Strongly Agree,Strongly Agree,Agree,Strongly Agree,Strongly Agree,Neutral,Neutral,Neutral,Agree,Agree,Strongly Agree,Strongly Agree,Strongly Agree,Strongly Agree,Strongly Agree,Strongly Agree,Strongly Agree,Strongly Agree,Strongly Agree,Strongly Agree,Strongly Agree,Disagree,Disagree,Agree,Disagree,Disagree,Disagree,Agree,Agree,Agree,Agree,No
2022/12/18 8:24:14 PM GMT+5:30,20 - 30 years,Male,Diploma,Unmarried,Sri Lankan Based IT Company,Front End Developer,Full - tIme,Work From Home,0,No,2,2,0,"Above 200,000 LKR",Strongly Agree,Strongly Agree,Strongly Agree,Strongly Agree,Strongly Agree,Strongly Agree,Disagree,Disagree,Neutral,Neutral,Neutral,Strongly Agree,Strongly Agree,Strongly Agree,Strongly Agree,Strongly Agree,Strongly Agree,Strongly Agree,Strongly Agree,Strongly Agree,Strongly Agree,Strongly Agree,Disagree,Disagree,Strongly Agree,Disagree,Disagree,Disagree,Agree,Agree,Agree,Strongly Agree,No
2022/12/18 8:31:09 PM GMT+5:30,20 - 30 years,Male,BSc,Unmarried,Sri Lankan Based IT Company,Full-stack Developer (Both),Full - tIme,Work From Home,0,No,5,1,2,"Above 200,000 LKR",Strongly Agree,Strongly Agree,Strongly Agree,Strongly Agree,Strongly Agree,Strongly Agree,Neutral,Neutral,Neutral,Neutral,Neutral,Strongly Agree,Strongly Agree,Strongly Agree,Strongly Agree,Strongly Agree,Strongly Agree,Strongly Agree,Strongly Agree,Strongly Agree,Strongly Agree,Strongly Agree,Strongly Disagree,Strongly Disagree,Strongly Agree,Strongly Disagree,Strongly Disagree,Strongly Disagree,Strongly Agree,Strongly Agree,Strongly Agree,Strongly Agree,No
2022/12/19 4:55:50 AM GMT+5:30,20 - 30 years,Female,BSc,Unmarried,Sri Lankan Based IT Company,Full-stack Developer (Both),Full - tIme,Work From Home,0,No,1,1,1,"101,000 LKR - 200,000 LKR",Agree,Agree,Agree,Agree,Agree,Agree,Agree,Strongly Agree,Agree,Agree,Agree,Agree,Agree,Agree,Agree,Agree,Agree,Agree,Agree,Agree,Agree,Agree,Neutral,Disagree,Agree,Neutral,Disagree,Neutral,Agree,Neutral,Neutral,Agree,No
2022/12/19 5:12:58 AM GMT+5:30,20 - 30 years,Male,BSc,Unmarried,Sri Lankan Based IT Company,Full-stack Developer (Both),Intern,Work From Home,0,No,0.33,0.33,0,"Under 41,000 LKR",Neutral,Agree,Agree,Neutral,Neutral,Neutral,Neutral,Neutral,Neutral,Agree,Agree,Neutral,Disagree,Disagree,Disagree,Neutral,Disagree,Agree,Agree,Disagree,Neutral,Agree,Strongly Agree,Neutral,Disagree,Strongly Agree,Neutral,Strongly Agree,Disagree,Neutral,Strongly Disagree,Neutral,Yes
2022/12/19 5:14:53 AM GMT+5:30,20 - 30 years,Female,BSc,Unmarried,Sri Lankan Based IT Company,Front End Developer,Full - tIme,Work From Home,0,No,3.75,0.75,2,"101,000 LKR - 200,000 LKR",Agree,Agree,Agree,Agree,Agree,Agree,Neutral,Neutral,Neutral,Neutral,Neutral,Agree,Agree,Agree,Agree,Agree,Agree,Strongly Agree,Strongly Agree,Agree,Agree,Strongly Agree,Disagree,Disagree,Agree,Disagree,Disagree,Neutral,Agree,Agree,Neutral,Agree,No
2022/12/19 5:17:04 AM GMT+5:30,30 - 40 years,Male,BSc,Unmarried,Sri Lankan Based IT Company,Front End Developer,Full - tIme,Work From Home,0,No,5,1,2,"Above 200,000 LKR",Neutral,Agree,Agree,Agree,Agree,Agree,Disagree,Disagree,Neutral,Agree,Agree,Agree,Agree,Agree,Agree,Agree,Agree,Agree,Agree,Agree,Agree,Agree,Disagree,Disagree,Agree,Disagree,Disagree,Disagree,Agree,Agree,Agree,Agree,No
2022/12/19 5:24:15 AM GMT+5:30,20 - 30 years,Female,BSc,Unmarried,Sri Lankan Based IT Company,Backend Developer,Full - tIme,Hybrid,45,Yes,3,0.83,2,"101,000 LKR - 200,000 LKR",Disagree,Agree,Agree,Agree,Agree,Agree,Neutral,Neutral,Neutral,Neutral,Neutral,Agree,Agree,Agree,Agree,Agree,Agree,Agree,Agree,Agree,Agree,Agree,Strongly Disagree,Disagree,Agree,Strongly Disagree,Strongly Disagree,Disagree,Agree,Agree,Neutral,Agree,No
2022/12/19 5:27:47 AM GMT+5:30,20 - 30 years,Female,MSc,Married,Sri Lankan Based IT Company,Front End Developer,Full - tIme,On Site,80,Yes,2,2,0,"101,000 LKR - 200,000 LKR",Strongly Disagree,Neutral,Strongly Agree,Neutral,Neutral,Neutral,Agree,Agree,Neutral,Agree,Agree,Agree,Agree,Neutral,Disagree,Disagree,Neutral,Strongly Agree,Strongly Agree,Disagree,Neutral,Agree,Agree,Disagree,Disagree,Agree,Neutral,Agree,Disagree,Neutral,Disagree,Disagree,Yes
2022/12/19 5:29:01 AM GMT+5:30,20 - 30 years,Male,BSc,Unmarried,Sri Lankan Based IT Company,Full-stack Developer (Both),Full - tIme,Work From Home,0,No,1,0.5,1,"101,000 LKR - 200,000 LKR",Neutral,Agree,Strongly Agree,Agree,Agree,Agree,Neutral,Neutral,Neutral,Agree,Agree,Agree,Agree,Agree,Agree,Agree,Agree,Agree,Agree,Agree,Agree,Agree,Disagree,Disagree,Agree,Disagree,Disagree,Disagree,Agree,Agree,Agree,Agree,No
2022/12/19 5:32:24 AM GMT+5:30,10 - 20 years,Female,Diploma,Unmarried,Sri Lankan Based IT Company,Backend Developer,Full - tIme,Work From Home,0,No,1,1,0,"41,000 - 100,000 LKR",Neutral,Agree,Strongly Agree,Neutral,Strongly Agree,Strongly Agree,Disagree,Disagree,Neutral,Neutral,Neutral,Agree,Agree,Agree,Agree,Agree,Agree,Agree,Agree,Agree,Agree,Agree,Disagree,Disagree,Neutral,Disagree,Disagree,Disagree,Agree,Strongly Agree,Strongly Agree,Agree,No
2022/12/19 5:34:03 AM GMT+5:30,20 - 30 years,Female,BSc,Unmarried,Sri Lankan Based IT Company,Front End Developer,Full - tIme,Work From Home,0,No,3,1.5,2,"Above 200,000 LKR",Strongly Agree,Strongly Agree,Strongly Agree,Agree,Agree,Agree,Strongly Disagree,Strongly Disagree,Disagree,Neutral,Neutral,Agree,Agree,Strongly Agree,Strongly Agree,Agree,Agree,Agree,Agree,Agree,Agree,Agree,Disagree,Strongly Disagree,Agree,Disagree,Strongly Disagree,Disagree,Agree,Agree,Neutral,Agree,No
2022/12/19 5:35:40 AM GMT+5:30,20 - 30 years,Male,Diploma,Unmarried,Sri Lankan Based IT Company,Backend Developer,Intern,Work From Home,0,No,0.583,0.583,0,"41,000 - 100,000 LKR",Agree,Agree,Agree,Agree,Agree,Agree,Neutral,Neutral,Neutral,Neutral,Neutral,Agree,Agree,Agree,Agree,Agree,Agree,Agree,Agree,Agree,Agree,Agree,Disagree,Strongly Disagree,Agree,Disagree,Disagree,Disagree,Agree,Agree,Agree,Agree,No
2022/12/19 5:39:49 AM GMT+5:30,20 - 30 years,Female,BSc,Unmarried,Sri Lankan Based IT Company,Full-stack Developer (Both),Full - tIme,Work From Home,0,No,5,1.5,3,"Above 200,000 LKR",Neutral,Agree,Strongly Agree,Agree,Agree,Neutral,Agree,Agree,Agree,Strongly Agree,Strongly Agree,Agree,Agree,Agree,Neutral,Agree,Agree,Agree,Agree,Agree,Agree,Agree,Agree,Disagree,Neutral,Agree,Neutral,Agree,Neutral,Neutral,Disagree,Neutral,Yes
2022/12/19 5:41:23 AM GMT+5:30,20 - 30 years,Male,BSc,Unmarried,Foreign Based IT Company,Front End Developer,Full - tIme,Work From Home,0,No,3,1,2,"101,000 LKR - 200,000 LKR",Disagree,Agree,Agree,Agree,Agree,Agree,Neutral,Neutral,Neutral,Agree,Agree,Agree,Agree,Agree,Agree,Agree,Agree,Agree,Agree,Agree,Agree,Agree,Disagree,Disagree,Agree,Disagree,Disagree,Disagree,Agree,Agree,Neutral,Agree,No
2022/12/19 5:45:02 AM GMT+5:30,20 - 30 years,Female,MSc,Unmarried,Foreign Based IT Company,Full-stack Developer (Both),Full - tIme,Work From Home,0,No,4,0.66,3,"Above 200,000 LKR",Agree,Agree,Strongly Agree,Agree,Agree,Agree,Neutral,Neutral,Neutral,Neutral,Neutral,Agree,Agree,Agree,Agree,Agree,Agree,Agree,Agree,Agree,Agree,Agree,Disagree,Disagree,Strongly Agree,Disagree,Disagree,Disagree,Agree,Agree,Disagree,Agree,No
2022/12/19 5:50:09 AM GMT+5:30,20 - 30 years,Female,BSc,Unmarried,Sri Lankan Based IT Company,Full-stack Developer (Both),Full - tIme,Work From Home,0,No,2,0.5,1,"101,000 LKR - 200,000 LKR",Neutral,Strongly Agree,Strongly Agree,Strongly Agree,Strongly Agree,Strongly Agree,Disagree,Disagree,Disagree,Neutral,Neutral,Agree,Agree,Agree,Agree,Agree,Agree,Strongly Agree,Strongly Agree,Strongly Agree,Agree,Agree,Disagree,Strongly Disagree,Strongly Agree,Disagree,Disagree,Strongly Disagree,Agree,Agree,Agree,Agree,No
2022/12/19 5:51:31 AM GMT+5:30,20 - 30 years,Male,BSc,Unmarried,Foreign Based IT Company,Full-stack Developer (Both),Intern,Work From Home,0,No,0.5,0.5,0,"Under 41,000 LKR",Neutral,Agree,Agree,Neutral,Agree,Agree,Neutral,Neutral,Neutral,Neutral,Neutral,Agree,Agree,Agree,Agree,Agree,Agree,Agree,Agree,Agree,Agree,Agree,Neutral,Disagree,Agree,Disagree,Disagree,Disagree,Agree,Agree,Agree,Agree,No
2022/12/19 5:56:09 AM GMT+5:30,20 - 30 years,Male,BSc,Unmarried,Sri Lankan Based IT Company,Front End Developer,Full - tIme,Work From Home,0,No,2,1,2,"Above 200,000 LKR",Neutral,Agree,Strongly Agree,Agree,Agree,Agree,Neutral,Neutral,Neutral,Neutral,Neutral,Agree,Agree,Agree,Agree,Agree,Agree,Agree,Agree,Agree,Agree,Agree,Strongly Disagree,Strongly Disagree,Strongly Agree,Strongly Disagree,Strongly Disagree,Strongly Disagree,Strongly Agree,Strongly Agree,Agree,Strongly Agree,No
2022/12/19 5:58:05 AM GMT+5:30,20 - 30 years,Female,BSc,Unmarried,Sri Lankan Based IT Company,Backend Developer,Full - tIme,Work From Home,0,No,1.333,0.5,1,"101,000 LKR - 200,000 LKR",Neutral,Strongly Agree,Strongly Agree,Neutral,Neutral,Agree,Neutral,Neutral,Neutral,Agree,Strongly Agree,Neutral,Agree,Strongly Agree,Agree,Agree,Agree,Agree,Agree,Agree,Agree,Agree,Disagree,Strongly Disagree,Strongly Agree,Strongly Disagree,Disagree,Disagree,Agree,Agree,Neutral,Agree,No
2022/12/19 6:10:22 AM GMT+5:30,20 - 30 years,Female,BSc,Unmarried,Sri Lankan Based IT Company,Backend Developer,Intern,Work From Home,10,No,0.416,0.416,0,"Under 41,000 LKR",Disagree,Disagree,Strongly Agree,Disagree,Neutral,Disagree,Agree,Agree,Agree,Agree,Agree,Agree,Neutral,Disagree,Neutral,Neutral,Neutral,Disagree,Agree,Disagree,Neutral,Neutral,Agree,Strongly Agree,Strongly Disagree,Agree,Neutral,Agree,Disagree,Neutral,Neutral,Disagree,Yes
2022/12/19 6:13:22 AM GMT+5:30,20 - 30 years,Male,BSc,Unmarried,Foreign Based IT Company,Front End Developer,Full - tIme,Work From Home,0,No,3,0.75,2,"Above 200,000 LKR",Neutral,Agree,Strongly Agree,Strongly Agree,Strongly Agree,Strongly Agree,Neutral,Neutral,Neutral,Neutral,Neutral,Agree,Agree,Agree,Agree,Agree,Agree,Agree,Agree,Agree,Agree,Agree,Neutral,Neutral,Agree,Neutral,Neutral,Neutral,Agree,Agree,Agree,Agree,No
2022/12/19 6:14:54 AM GMT+5:30,20 - 30 years,Female,BSc,Unmarried,Sri Lankan Based IT Company,Front End Developer,Full - tIme,Work From Home,0,No,1,1,0,"Above 200,000 LKR",Agree,Agree,Agree,Agree,Agree,Agree,Neutral,Neutral,Disagree,Neutral,Neutral,Agree,Agree,Agree,Strongly Agree,Agree,Neutral,Agree,Agree,Agree,Agree,Agree,Disagree,Strongly Disagree,Neutral,Strongly Disagree,Disagree,Neutral,Agree,Agree,Neutral,Agree,No
2022/12/19 6:16:35 AM GMT+5:30,20 - 30 years,Female,BSc,Unmarried,Foreign Based IT Company,Front End Developer,Full - tIme,Work From Home,0,No,3.5,0.5,4,"Above 200,000 LKR",Neutral,Strongly Agree,Strongly Agree,Agree,Agree,Agree,Neutral,Neutral,Neutral,Agree,Agree,Agree,Agree,Agree,Agree,Agree,Agree,Agree,Agree,Agree,Agree,Agree,Disagree,Strongly Disagree,Agree,Disagree,Disagree,Neutral,Agree,Agree,Agree,Agree,No
2022/12/19 6:18:14 AM GMT+5:30,30 - 40 years,Female,MSc,Unmarried,Sri Lankan Based IT Company,Full-stack Developer (Both),Full - tIme,Work From Home,0,No,6,2,3,"Above 200,000 LKR",Agree,Strongly Agree,Strongly Agree,Strongly Agree,Strongly Agree,Strongly Agree,Neutral,Neutral,Neutral,Strongly Agree,Strongly Agree,Agree,Agree,Agree,Agree,Strongly Agree,Strongly Agree,Strongly Agree,Strongly Agree,Strongly Agree,Strongly Agree,Strongly Agree,Neutral,Strongly Disagree,Agree,Disagree,Neutral,Strongly Disagree,Agree,Agree,Agree,Strongly Agree,No
2022/12/19 6:20:10 AM GMT+5:30,20 - 30 years,Female,BSc,Unmarried,Foreign Based IT Company,Backend Developer,Full - tIme,Work From Home,0,No,4,2,3,"Above 200,000 LKR",Neutral,Strongly Agree,Strongly Agree,Agree,Agree,Agree,Agree,Agree,Neutral,Agree,Agree,Agree,Agree,Agree,Agree,Agree,Agree,Strongly Agree,Strongly Agree,Agree,Agree,Strongly Agree,Neutral,Disagree,Agree,Disagree,Strongly Disagree,Neutral,Strongly Agree,Agree,Neutral,Strongly Agree,No
2022/12/19 6:30:47 AM GMT+5:30,20 - 30 years,Male,BSc,Unmarried,Sri Lankan Based IT Company,Front End Developer,Intern,Work From Home,0,No,2.5,1,2,"Above 200,000 LKR",Neutral,Strongly Agree,Agree,Agree,Agree,Agree,Neutral,Neutral,Neutral,Neutral,Agree,Strongly Agree,Strongly Agree,Agree,Neutral,Agree,Neutral,Agree,Agree,Agree,Agree,Agree,Strongly Disagree,Strongly Disagree,Agree,Disagree,Strongly Disagree,Neutral,Agree,Agree,Agree,Strongly Agree,No
2022/12/19 6:32:42 AM GMT+5:30,20 - 30 years,Female,BSc,Unmarried,Sri Lankan Based IT Company,Full-stack Developer (Both),Full - tIme,Hybrid,15,No,1.5,0.5,1,"Above 200,000 LKR",Agree,Neutral,Strongly Agree,Neutral,Agree,Neutral,Neutral,Neutral,Neutral,Strongly Agree,Agree,Agree,Agree,Neutral,Neutral,Neutral,Neutral,Neutral,Strongly Agree,Neutral,Neutral,Neutral,Neutral,Disagree,Agree,Disagree,Disagree,Neutral,Agree,Neutral,Neutral,Agree,No
2022/12/19 6:34:51 AM GMT+5:30,20 - 30 years,Female,BSc,Unmarried,Sri Lankan Based IT Company,Front End Developer,Full - tIme,On Site,21,No,1.33,1.33,0,"101,000 LKR - 200,000 LKR",Neutral,Agree,Agree,Agree,Agree,Agree,Neutral,Neutral,Neutral,Neutral,Neutral,Agree,Agree,Agree,Agree,Agree,Agree,Agree,Agree,Agree,Agree,Agree,Disagree,Strongly Disagree,Neutral,Disagree,Disagree,Neutral,Agree,Neutral,Neutral,Agree,No
2022/12/19 6:36:43 AM GMT+5:30,20 - 30 years,Female,BSc,Unmarried,Foreign Based IT Company,Full-stack Developer (Both),Full - tIme,Work From Home,0,No,1,1,0,"101,000 LKR - 200,000 LKR",Strongly Disagree,Neutral,Strongly Agree,Neutral,Neutral,Neutral,Agree,Strongly Agree,Agree,Agree,Strongly Agree,Disagree,Neutral,Agree,Neutral,Neutral,Disagree,Agree,Strongly Agree,Neutral,Neutral,Agree,Agree,Neutral,Neutral,Agree,Neutral,Agree,Disagree,Neutral,Strongly Disagree,Disagree,Yes
2022/12/19 6:45:14 AM GMT+5:30,20 - 30 years,Male,BSc,Unmarried,Sri Lankan Based IT Company,Full-stack Developer (Both),Intern,Work From Home,0,No,0.33,0.33,0,"Under 41,000 LKR",Neutral,Agree,Strongly Agree,Neutral,Agree,Agree,Neutral,Neutral,Neutral,Neutral,Neutral,Agree,Agree,Strongly Agree,Strongly Agree,Agree,Agree,Strongly Agree,Strongly Agree,Agree,Agree,Strongly Agree,Disagree,Strongly Disagree,Strongly Agree,Strongly Disagree,Strongly Disagree,Disagree,Strongly Agree,Strongly Agree,Agree,Agree,No
2022/12/19 7:20:26 AM GMT+5:30,20 - 30 years,Male,BSc,Unmarried,Sri Lankan Based IT Company,Front End Developer,Full - tIme,Work From Home,0,No,1,1,0,"101,000 LKR - 200,000 LKR",Neutral,Agree,Agree,Agree,Agree,Agree,Neutral,Neutral,Neutral,Agree,Agree,Agree,Agree,Agree,Agree,Agree,Agree,Agree,Agree,Agree,Agree,Agree,Disagree,Disagree,Strongly Agree,Disagree,Disagree,Neutral,Agree,Agree,Agree,Agree,No
2022/12/19 7:22:10 AM GMT+5:30,20 - 30 years,Female,MSc,Unmarried,Sri Lankan Based IT Company,Full-stack Developer (Both),Full - tIme,Hybrid,45,No,3,1,2,"Above 200,000 LKR",Neutral,Strongly Agree,Strongly Agree,Agree,Agree,Agree,Neutral,Neutral,Neutral,Neutral,Agree,Strongly Agree,Agree,Agree,Agree,Agree,Agree,Agree,Agree,Agree,Agree,Agree,Strongly Disagree,Disagree,Neutral,Disagree,Strongly Disagree,Neutral,Agree,Agree,Agree,Agree,No
2022/12/19 7:23:51 AM GMT+5:30,30 - 40 years,Male,MSc,Unmarried,Sri Lankan Based IT Company,Full-stack Developer (Both),Full - tIme,Work From Home,0,No,6,2,2,"Above 200,000 LKR",Neutral,Agree,Strongly Agree,Agree,Agree,Agree,Neutral,Neutral,Neutral,Agree,Strongly Agree,Strongly Agree,Strongly Agree,Strongly Agree,Strongly Agree,Strongly Agree,Strongly Agree,Strongly Agree,Strongly Agree,Strongly Agree,Strongly Agree,Strongly Agree,Strongly Disagree,Disagree,Strongly Agree,Disagree,Disagree,Disagree,Agree,Agree,Agree,Strongly Agree,No
2022/12/19 7:25:33 AM GMT+5:30,20 - 30 years,Male,Diploma,Unmarried,Sri Lankan Based IT Company,Backend Developer,Intern,Work From Home,0,No,0.583,0.583,0,"41,000 - 100,000 LKR",Agree,Strongly Agree,Strongly Agree,Agree,Agree,Strongly Agree,Disagree,Disagree,Neutral,Neutral,Neutral,Agree,Agree,Agree,Agree,Agree,Agree,Agree,Agree,Agree,Agree,Agree,Strongly Disagree,Strongly Disagree,Agree,Strongly Disagree,Strongly Disagree,Strongly Disagree,Agree,Agree,Agree,Strongly Agree,No
2022/12/19 7:27:40 AM GMT+5:30,20 - 30 years,Female,BSc,Unmarried,Sri Lankan Based IT Company,Full-stack Developer (Both),Full - tIme,Work From Home,0,No,3,1,2,"Above 200,000 LKR",Neutral,Agree,Agree,Agree,Agree,Agree,Disagree,Disagree,Neutral,Neutral,Agree,Agree,Agree,Strongly Agree,Agree,Neutral,Neutral,Agree,Strongly Agree,Agree,Agree,Strongly Agree,Neutral,Strongly Disagree,Agree,Disagree,Strongly Disagree,Disagree,Agree,Neutral,Neutral,Agree,No
2022/12/19 7:29:48 AM GMT+5:30,20 - 30 years,Male,BSc,Unmarried,Sri Lankan Based IT Company,Full-stack Developer (Both),Intern,On Site,120,Yes,0.5,0.5,0,"41,000 - 100,000 LKR",Disagree,Agree,Agree,Neutral,Agree,Neutral,Agree,Agree,Neutral,Agree,Agree,Agree,Neutral,Agree,Neutral,Disagree,Neutral,Agree,Agree,Disagree,Disagree,Neutral,Agree,Disagree,Disagree,Agree,Neutral,Agree,Disagree,Disagree,Disagree,Disagree,Yes
2022/12/19 9:29:50 AM GMT+5:30,20 - 30 years,Female,BSc,Unmarried,Sri Lankan Based IT Company,Backend Developer,Full - tIme,Work From Home,0,No,1,1,1,"Above 200,000 LKR",Strongly Agree,Agree,Agree,Agree,Agree,Agree,Strongly Agree,Strongly Agree,Agree,Strongly Agree,Strongly Agree,Agree,Agree,Agree,Strongly Agree,Agree,Agree,Agree,Agree,Agree,Agree,Agree,Disagree,Neutral,Agree,Neutral,Disagree,Agree,Agree,Disagree,Agree,Agree,No
2022/12/19 9:42:19 AM GMT+5:30,20 - 30 years,Male,BSc,Unmarried,Sri Lankan Based IT Company,Full-stack Developer (Both),Full - tIme,Work From Home,0,No,2,0.5,2,"41,000 - 100,000 LKR",Strongly Disagree,Neutral,Strongly Agree,Neutral,Neutral,Neutral,Strongly Agree,Strongly Agree,Strongly Agree,Agree,Agree,Neutral,Neutral,Agree,Disagree,Neutral,Disagree,Agree,Agree,Disagree,Disagree,Agree,Agree,Neutral,Disagree,Strongly Agree,Neutral,Strongly Agree,Disagree,Disagree,Strongly Disagree,Disagree,Yes
2022/12/19 9:45:15 AM GMT+5:30,10 - 20 years,Male,BSc,Unmarried,Sri Lankan Based IT Company,Full-stack Developer (Both),Full - tIme,Work From Home,0,No,1,1,0,"Above 200,000 LKR",Agree,Agree,Agree,Agree,Agree,Strongly Agree,Neutral,Neutral,Neutral,Neutral,Neutral,Strongly Agree,Strongly Agree,Strongly Agree,Strongly Agree,Agree,Agree,Agree,Agree,Agree,Agree,Agree,Disagree,Disagree,Agree,Disagree,Disagree,Disagree,Agree,Agree,Agree,Agree,No
2022/12/19 9:46:59 AM GMT+5:30,20 - 30 years,Female,BSc,Unmarried,Sri Lankan Based IT Company,Backend Developer,Full - tIme,Work From Home,0,No,6.5,2.5,1,"Above 200,000 LKR",Neutral,Strongly Agree,Strongly Agree,Agree,Strongly Agree,Strongly Agree,Neutral,Neutral,Neutral,Agree,Agree,Agree,Agree,Agree,Agree,Agree,Agree,Strongly Agree,Strongly Agree,Agree,Agree,Strongly Agree,Neutral,Strongly Disagree,Strongly Agree,Disagree,Disagree,Neutral,Agree,Agree,Agree,Agree,No
2022/12/19 9:49:49 AM GMT+5:30,30 - 40 years,Male,MSc,Unmarried,Foreign Based IT Company,Full-stack Developer (Both),Full - tIme,Hybrid,38,No,8,2.083,1,"Above 200,000 LKR",Neutral,Agree,Agree,Agree,Agree,Agree,Neutral,Neutral,Neutral,Agree,Agree,Strongly Agree,Agree,Strongly Agree,Strongly Agree,Agree,Strongly Agree,Strongly Agree,Strongly Agree,Strongly Agree,Agree,Strongly Agree,Neutral,Strongly Disagree,Strongly Agree,Strongly Disagree,Strongly Disagree,Neutral,Strongly Agree,Agree,Agree,Strongly Agree,No
2022/12/19 9:51:49 AM GMT+5:30,20 - 30 years,Female,BSc,Married,Sri Lankan Based IT Company,Front End Developer,Full - tIme,Work From Home,0,No,5.5,1.66,2,"Above 200,000 LKR",Neutral,Agree,Agree,Agree,Agree,Strongly Agree,Neutral,Neutral,Neutral,Agree,Agree,Agree,Agree,Agree,Agree,Agree,Neutral,Agree,Strongly Agree,Agree,Agree,Agree,Disagree,Strongly Disagree,Agree,Neutral,Strongly Disagree,Neutral,Agree,Agree,Agree,Agree,No
2022/12/19 9:54:26 AM GMT+5:30,20 - 30 years,Male,BSc,Unmarried,Sri Lankan Based IT Company,Full-stack Developer (Both),Full - tIme,Work From Home,0,No,2.16,1.16,1,"101,000 LKR - 200,000 LKR",Disagree,Agree,Agree,Neutral,Neutral,Disagree,Strongly Agree,Strongly Agree,Strongly Agree,Agree,Agree,Disagree,Disagree,Neutral,Strongly Disagree,Neutral,Disagree,Agree,Agree,Disagree,Neutral,Neutral,Agree,Strongly Agree,Disagree,Neutral,Neutral,Agree,Disagree,Neutral,Disagree,Neutral,Yes
2022/12/19 9:57:29 AM GMT+5:30,20 - 30 years,Male,BSc,Unmarried,Sri Lankan Based IT Company,Backend Developer,Full - tIme,Hybrid,19,No,3,0.67,2,"101,000 LKR - 200,000 LKR",Neutral,Neutral,Strongly Agree,Neutral,Agree,Agree,Neutral,Neutral,Neutral,Neutral,Neutral,Agree,Agree,Agree,Agree,Neutral,Neutral,Agree,Agree,Agree,Agree,Agree,Disagree,Strongly Disagree,Neutral,Neutral,Strongly Disagree,Disagree,Agree,Agree,Agree,Agree,No
2022/12/19 9:59:35 AM GMT+5:30,20 - 30 years,Female,Diploma,Unmarried,Foreign Based IT Company,Full-stack Developer (Both),Full - tIme,Work From Home,0,No,4,1.5,2,"Above 200,000 LKR",Agree,Agree,Agree,Agree,Agree,Agree,Neutral,Neutral,Neutral,Neutral,Agree,Agree,Neutral,Neutral,Agree,Agree,Neutral,Agree,Strongly Agree,Agree,Neutral,Neutral,Neutral,Strongly Disagree,Agree,Disagree,Disagree,Neutral,Agree,Agree,Neutral,Agree,No
2022/12/19 10:01:14 AM GMT+5:30,20 - 30 years,Male,BSc,Married,Sri Lankan Based IT Company,Front End Developer,Full - tIme,Work From Home,0,No,5.67,2.5,2,"Above 200,000 LKR",Agree,Strongly Agree,Strongly Agree,Strongly Agree,Strongly Agree,Strongly Agree,Neutral,Neutral,Neutral,Strongly Agree,Strongly Agree,Strongly Agree,Strongly Agree,Strongly Agree,Strongly Agree,Strongly Agree,Strongly Agree,Strongly Agree,Strongly Agree,Strongly Agree,Strongly Agree,Strongly Agree,Neutral,Strongly Disagree,Agree,Neutral,Strongly Disagree,Neutral,Strongly Agree,Strongly Agree,Agree,Strongly Agree,No
2022/12/19 10:02:42 AM GMT+5:30,20 - 30 years,Male,BSc,Unmarried,Sri Lankan Based IT Company,Front End Developer,Full - tIme,Work From Home,0,No,2,1.166666667,2,"Above 200,000 LKR",Agree,Agree,Strongly Agree,Agree,Agree,Strongly Agree,Agree,Strongly Agree,Strongly Agree,Strongly Agree,Strongly Agree,Agree,Agree,Agree,Neutral,Agree,Agree,Agree,Agree,Agree,Agree,Agree,Neutral,Agree,Agree,Agree,Disagree,Agree,Agree,Neutral,Disagree,Agree,No
2022/12/19 10:04:40 AM GMT+5:30,20 - 30 years,Female,BSc,Married,Sri Lankan Based IT Company,Full-stack Developer (Both),Intern,Hybrid,78,Yes,0.67,0.67,0,"41,000 - 100,000 LKR",Disagree,Neutral,Strongly Agree,Neutral,Neutral,Disagree,Agree,Agree,Neutral,Agree,Agree,Neutral,Neutral,Neutral,Disagree,Disagree,Neutral,Neutral,Strongly Agree,Neutral,Neutral,Neutral,Agree,Strongly Agree,Disagree,Neutral,Neutral,Agree,Neutral,Neutral,Strongly Disagree,Disagree,Yes
2022/12/19 10:05:57 AM GMT+5:30,20 - 30 years,Male,BSc,Married,Sri Lankan Based IT Company,Full-stack Developer (Both),Full - tIme,Work From Home,0,No,2,1,1,"Above 200,000 LKR",Agree,Strongly Agree,Strongly Agree,Strongly Agree,Strongly Agree,Strongly Agree,Neutral,Neutral,Neutral,Neutral,Agree,Strongly Agree,Strongly Agree,Strongly Agree,Strongly Agree,Strongly Agree,Strongly Agree,Strongly Agree,Strongly Agree,Strongly Agree,Strongly Agree,Strongly Agree,Disagree,Disagree,Strongly Agree,Disagree,Disagree,Disagree,Agree,Agree,Agree,Agree,No
2022/12/19 10:10:10 AM GMT+5:30,20 - 30 years,Female,BSc,Unmarried,Sri Lankan Based IT Company,Full-stack Developer (Both),Full - tIme,Work From Home,0,No,3,1,3,"101,000 LKR - 200,000 LKR",Disagree,Agree,Agree,Agree,Agree,Agree,Neutral,Neutral,Neutral,Agree,Agree,Agree,Agree,Agree,Agree,Agree,Agree,Strongly Agree,Strongly Agree,Agree,Agree,Agree,Neutral,Strongly Disagree,Strongly Agree,Disagree,Disagree,Disagree,Strongly Agree,Agree,Neutral,Agree,No
2022/12/19 10:12:07 AM GMT+5:30,30 - 40 years,Female,MSc,Married,Foreign Based IT Company,Full-stack Developer (Both),Full - tIme,Work From Home,0,No,4,0.833,3,"Above 200,000 LKR",Neutral,Agree,Agree,Neutral,Agree,Neutral,Neutral,Disagree,Neutral,Neutral,Neutral,Agree,Agree,Agree,Agree,Neutral,Neutral,Strongly Agree,Strongly Agree,Strongly Agree,Strongly Agree,Strongly Agree,Disagree,Strongly Disagree,Agree,Neutral,Strongly Disagree,Disagree,Agree,Strongly Agree,Neutral,Agree,No
2022/12/19 10:16:28 AM GMT+5:30,20 - 30 years,Male,BSc,Unmarried,Sri Lankan Based IT Company,Full-stack Developer (Both),Full - tIme,Work From Home,0,Yes,2,0.583,1,"41,000 - 100,000 LKR",Disagree,Neutral,Strongly Agree,Neutral,Agree,Neutral,Agree,Agree,Agree,Strongly Agree,Strongly Agree,Disagree,Disagree,Neutral,Disagree,Disagree,Neutral,Agree,Strongly Agree,Neutral,Neutral,Agree,Strongly Agree,Neutral,Disagree,Agree,Agree,Agree,Disagree,Neutral,Strongly Disagree,Disagree,Yes
2022/12/19 10:20:35 AM GMT+5:30,20 - 30 years,Female,BSc,Married,Sri Lankan Based IT Company,Backend Developer,Full - tIme,Work From Home,0,No,4.5,2,2,"Above 200,000 LKR",Neutral,Strongly Agree,Strongly Agree,Agree,Strongly Agree,Agree,Neutral,Neutral,Neutral,Neutral,Agree,Agree,Agree,Agree,Agree,Agree,Agree,Agree,Agree,Agree,Agree,Agree,Neutral,Disagree,Neutral,Neutral,Strongly Disagree,Neutral,Agree,Agree,Agree,Agree,No
2022/12/19 10:22:26 AM GMT+5:30,20 - 30 years,Male,MSc,Unmarried,Sri Lankan Based IT Company,Full-stack Developer (Both),Full - tIme,Work From Home,0,No,4.583,2,2,"Above 200,000 LKR",Neutral,Agree,Strongly Agree,Agree,Neutral,Strongly Agree,Disagree,Disagree,Disagree,Neutral,Neutral,Agree,Strongly Agree,Agree,Agree,Agree,Agree,Agree,Strongly Agree,Neutral,Agree,Agree,Disagree,Disagree,Neutral,Disagree,Strongly Disagree,Disagree,Strongly Agree,Neutral,Neutral,Agree,No
2022/12/19 10:27:00 AM GMT+5:30,20 - 30 years,Female,BSc,Unmarried,Foreign Based IT Company,Backend Developer,Full - tIme,Hybrid,45,Yes,2.5,1,2,"101,000 LKR - 200,000 LKR",Disagree,Disagree,Agree,Neutral,Disagree,Disagree,Agree,Agree,Agree,Agree,Strongly Agree,Neutral,Neutral,Disagree,Disagree,Disagree,Neutral,Neutral,Strongly Agree,Neutral,Neutral,Neutral,Agree,Strongly Agree,Disagree,Agree,Agree,Agree,Disagree,Disagree,Strongly Disagree,Disagree,Yes
2022/12/19 10:28:28 AM GMT+5:30,20 - 30 years,Female,MSc,Unmarried,Foreign Based IT Company,Front End Developer,Full - tIme,Work From Home,0,No,3.25,1.25,2,"Above 200,000 LKR",Agree,Agree,Agree,Agree,Agree,Agree,Neutral,Neutral,Neutral,Neutral,Agree,Agree,Agree,Agree,Agree,Agree,Agree,Strongly Agree,Strongly Agree,Agree,Agree,Agree,Disagree,Disagree,Strongly Agree,Strongly Disagree,Strongly Disagree,Neutral,Agree,Agree,Agree,Agree,No
2022/12/19 10:30:03 AM GMT+5:30,20 - 30 years,Female,BSc,Unmarried,Sri Lankan Based IT Company,Backend Developer,Full - tIme,Work From Home,0,No,2.25,0.5,2,"101,000 LKR - 200,000 LKR",Neutral,Agree,Strongly Agree,Neutral,Neutral,Neutral,Neutral,Neutral,Neutral,Agree,Agree,Agree,Agree,Agree,Agree,Agree,Neutral,Strongly Agree,Strongly Agree,Agree,Agree,Strongly Agree,Neutral,Strongly Disagree,Agree,Disagree,Disagree,Neutral,Strongly Agree,Agree,Neutral,Agree,No
2022/12/19 10:32:43 AM GMT+5:30,20 - 30 years,Male,BSc,Unmarried,Sri Lankan Based IT Company,Full-stack Developer (Both),Full - tIme,Hybrid,37,Yes,3.5,0.83,2,"101,000 LKR - 200,000 LKR",Neutral,Disagree,Strongly Agree,Neutral,Neutral,Neutral,Agree,Agree,Neutral,Agree,Strongly Agree,Neutral,Neutral,Disagree,Disagree,Disagree,Disagree,Disagree,Strongly Agree,Disagree,Neutral,Neutral,Neutral,Strongly Agree,Disagree,Neutral,Agree,Neutral,Disagree,Neutral,Disagree,Disagree,Yes
2022/12/19 10:34:23 AM GMT+5:30,20 - 30 years,Male,BSc,Unmarried,Sri Lankan Based IT Company,Front End Developer,Full - tIme,Work From Home,0,No,1.416,0.416,1,"101,000 LKR - 200,000 LKR",Neutral,Agree,Agree,Agree,Agree,Agree,Neutral,Neutral,Neutral,Neutral,Neutral,Agree,Agree,Agree,Agree,Agree,Agree,Agree,Agree,Agree,Agree,Agree,Neutral,Strongly Disagree,Agree,Disagree,Strongly Disagree,Neutral,Agree,Strongly Agree,Agree,Agree,No
2022/12/19 10:38:57 AM GMT+5:30,10 - 20 years,Male,BSc,Unmarried,Sri Lankan Based IT Company,Full-stack Developer (Both),Full - tIme,Work From Home,0,No,2,1,0,"101,000 LKR - 200,000 LKR",Agree,Agree,Agree,Neutral,Agree,Strongly Agree,Neutral,Neutral,Neutral,Neutral,Disagree,Agree,Agree,Agree,Agree,Agree,Agree,Agree,Agree,Agree,Agree,Agree,Disagree,Disagree,Strongly Agree,Strongly Disagree,Strongly Disagree,Neutral,Agree,Agree,Agree,Strongly Agree,No
2022/12/19 10:41:17 AM GMT+5:30,20 - 30 years,Male,Diploma,Unmarried,Sri Lankan Based IT Company,Full-stack Developer (Both),Full - tIme,Hybrid,13,No,1,0.167,1,"41,000 - 100,000 LKR",Neutral,Disagree,Disagree,Neutral,Neutral,Neutral,Agree,Agree,Agree,Agree,Strongly Agree,Neutral,Neutral,Neutral,Neutral,Neutral,Neutral,Disagree,Disagree,Neutral,Neutral,Disagree,Strongly Agree,Strongly Agree,Disagree,Agree,Agree,Neutral,Disagree,Disagree,Strongly Disagree,Disagree,Yes
2022/12/19 10:42:45 AM GMT+5:30,20 - 30 years,Male,BSc,Unmarried,Sri Lankan Based IT Company,Front End Developer,Full - tIme,Work From Home,0,No,3.25,1,3,"Above 200,000 LKR",Agree,Agree,Agree,Agree,Agree,Agree,Disagree,Disagree,Disagree,Neutral,Disagree,Strongly Agree,Strongly Agree,Strongly Agree,Strongly Agree,Strongly Agree,Strongly Agree,Strongly Agree,Strongly Agree,Strongly Agree,Strongly Agree,Strongly Agree,Strongly Disagree,Strongly Disagree,Strongly Agree,Disagree,Strongly Disagree,Neutral,Strongly Agree,Strongly Agree,Agree,Strongly Agree,No
2022/12/19 10:47:01 AM GMT+5:30,30 - 40 years,Male,MSc,Married,Foreign Based IT Company,Full-stack Developer (Both),Full - tIme,Work From Home,0,No,7.5,2,3,"Above 200,000 LKR",Neutral,Agree,Agree,Agree,Agree,Agree,Neutral,Neutral,Neutral,Agree,Agree,Agree,Agree,Agree,Agree,Agree,Agree,Strongly Agree,Strongly Agree,Strongly Agree,Strongly Agree,Strongly Agree,Disagree,Disagree,Strongly Agree,Disagree,Disagree,Disagree,Agree,Agree,Agree,Agree,No
2022/12/19 10:51:29 AM GMT+5:30,20 - 30 years,Female,BSc,Unmarried,Sri Lankan Based IT Company,Full-stack Developer (Both),Full - tIme,Work From Home,0,No,3,1,2,"101,000 LKR - 200,000 LKR",Neutral,Agree,Agree,Agree,Agree,Agree,Neutral,Neutral,Neutral,Neutral,Neutral,Agree,Agree,Agree,Agree,Agree,Agree,Agree,Agree,Agree,Agree,Agree,Disagree,Disagree,Strongly Agree,Disagree,Strongly Disagree,Neutral,Agree,Agree,Neutral,Agree,No
2022/12/19 11:12:44 AM GMT+5:30,20 - 30 years,Male,MSc,Unmarried,Sri Lankan Based IT Company,Full-stack Developer (Both),Full - tIme,Work From Home,0,No,6,2,3,"Above 200,000 LKR",Neutral,Agree,Agree,Agree,Agree,Strongly Agree,Strongly Disagree,Strongly Disagree,Disagree,Neutral,Neutral,Strongly Agree,Strongly Agree,Strongly Agree,Strongly Agree,Strongly Agree,Strongly Agree,Agree,Agree,Agree,Agree,Agree,Strongly Disagree,Strongly Disagree,Strongly Agree,Disagree,Strongly Disagree,Neutral,Strongly Agree,Agree,Agree,Strongly Agree,No
2022/12/19 11:20:19 AM GMT+5:30,20 - 30 years,Female,BSc,Unmarried,Sri Lankan Based IT Company,Front End Developer,Full - tIme,Work From Home,0,No,3,1,3,"Above 200,000 LKR",Neutral,Agree,Strongly Agree,Agree,Agree,Agree,Neutral,Neutral,Neutral,Neutral,Agree,Agree,Agree,Agree,Agree,Agree,Agree,Agree,Agree,Agree,Agree,Agree,Neutral,Strongly Disagree,Agree,Disagree,Strongly Disagree,Neutral,Strongly Agree,Agree,Agree,Agree,No
2022/12/19 11:22:58 AM GMT+5:30,20 - 30 years,Male,BSc,Unmarried,Foreign Based IT Company,Full-stack Developer (Both),Full - tIme,Work From Home,0,No,2.5,1,2,"101,000 LKR - 200,000 LKR",Agree,Strongly Agree,Strongly Agree,Neutral,Strongly Agree,Strongly Agree,Neutral,Neutral,Neutral,Neutral,Neutral,Agree,Agree,Agree,Agree,Agree,Neutral,Strongly Agree,Strongly Agree,Agree,Agree,Agree,Neutral,Strongly Disagree,Neutral,Disagree,Disagree,Neutral,Agree,Neutral,Neutral,Neutral,No
2022/12/19 11:25:16 AM GMT+5:30,20 - 30 years,Female,BSc,Unmarried,Sri Lankan Based IT Company,Front End Developer,Full - tIme,On Site,17,No,1,0.5,1,"41,000 - 100,000 LKR",Disagree,Agree,Strongly Agree,Neutral,Strongly Agree,Agree,Neutral,Neutral,Neutral,Agree,Agree,Agree,Agree,Agree,Agree,Agree,Agree,Strongly Agree,Strongly Agree,Agree,Agree,Agree,Neutral,Strongly Disagree,Agree,Disagree,Strongly Disagree,Strongly Disagree,Strongly Agree,Agree,Agree,Agree,No
2022/12/19 11:28:29 AM GMT+5:30,20 - 30 years,Male,MSc,Married,Sri Lankan Based IT Company,Full-stack Developer (Both),Full - tIme,Work From Home,0,No,4,1,3,"Above 200,000 LKR",Agree,Agree,Agree,Agree,Agree,Agree,Neutral,Agree,Neutral,Agree,Agree,Agree,Agree,Agree,Agree,Agree,Agree,Strongly Agree,Strongly Agree,Agree,Agree,Agree,Neutral,Disagree,Neutral,Neutral,Disagree,Disagree,Agree,Agree,Agree,Agree,No
2022/12/19 11:32:29 AM GMT+5:30,20 - 30 years,Male,BSc,Unmarried,Foreign Based IT Company,Front End Developer,Full - tIme,Work From Home,0,No,1.5,1,1,"101,000 LKR - 200,000 LKR",Disagree,Strongly Agree,Strongly Agree,Neutral,Agree,Agree,Agree,Agree,Neutral,Agree,Agree,Agree,Agree,Agree,Agree,Agree,Agree,Strongly Agree,Strongly Agree,Neutral,Strongly Agree,Agree,Agree,Disagree,Agree,Disagree,Disagree,Disagree,Agree,Agree,Neutral,Agree,No
2022/12/19 11:34:45 AM GMT+5:30,20 - 30 years,Female,BSc,Unmarried,Foreign Based IT Company,Front End Developer,Full - tIme,Work From Home,0,No,2.5,1.33,2,"101,000 LKR - 200,000 LKR",Agree,Agree,Strongly Agree,Neutral,Agree,Agree,Neutral,Neutral,Neutral,Neutral,Neutral,Agree,Agree,Agree,Agree,Agree,Agree,Strongly Agree,Strongly Agree,Neutral,Agree,Strongly Agree,Neutral,Strongly Disagree,Neutral,Neutral,Strongly Disagree,Agree,Agree,Agree,Neutral,Agree,No
2022/12/19 11:38:52 AM GMT+5:30,20 - 30 years,Male,BSc,Unmarried,Sri Lankan Based IT Company,Backend Developer,Full - tIme,Work From Home,0,No,1.416,1.416,0,"101,000 LKR - 200,000 LKR",Strongly Agree,Agree,Strongly Agree,Agree,Agree,Agree,Disagree,Disagree,Disagree,Neutral,Neutral,Agree,Agree,Agree,Agree,Agree,Agree,Agree,Agree,Agree,Agree,Agree,Neutral,Disagree,Agree,Disagree,Disagree,Disagree,Agree,Agree,Agree,Agree,No
